id,question,answer,explanation,category,tags,source,note
TF-L-001,消防法上の危険物について、「消防法上の危険物とは、火災時に煙を出す物質をいう。」は正しい。,×,誤り。煙を出すかどうかは消防法上の危険物の定義ではない、消防法上の危険物は、消防法別表第一の品名欄に掲げる物品で、同表の区分に応じた性状を有するものをいう、すべての可燃物や液体可燃物が危険物になるわけではない。,法令・制度,TF-L-001;L-001;LAW-001;危険物の定義;消防法上の危険物の定義;基礎,消防法 別表第一（https://laws.e-gov.go.jp/law/323AC1000000186）,公開前確認待ち
TF-L-002,消防法上の危険物の類別と性質の組合せについて、「第3類 — 自然発火性物質及び禁水性物質」は正しい。,○,正しい。第3類は自然発火性物質及び禁水性物質、第4類は引火性液体である。,法令・制度,TF-L-002;L-006;LAW-002;危険物の分類;第1類〜第6類の分類概要;基礎,消防試験研究センター 危険物取扱者試験案内（https://www.shoubo-shiken.or.jp/kikenbutsu/）,公開前確認待ち
TF-L-003,乙種第4類で主に対象となる危険物について、「引火性液体」は正しい。,○,正しい。乙種第4類は第4類危険物を対象とし、第4類危険物は引火性液体である。,法令・制度,TF-L-003;L-002;LAW-003;第4類危険物;第4類危険物の位置づけ;基礎,消防試験研究センター 乙種第4類の説明（https://www.shoubo-shiken.or.jp/kikenbutsu/）,公開前確認待ち
TF-L-004,指定数量の説明について、「危険物の危険性を判断する基準として、政令で定められる数量である。」は正しい。,○,正しい。指定数量は、危険物の危険性に応じて政令で定められる基準数量である。,法令・制度,TF-L-004;L-003;LAW-004;指定数量;指定数量の意味;基礎,危険物の規制に関する政令 別表第三（https://laws.e-gov.go.jp/law/334CO0000000306）,公開前確認待ち
TF-L-005,「指定数量に関する説明として、誤っているものはどれか。」という問いに対して、「指定数量は、危険物の危険性に応じて定められる。」を選ぶのは正しい。,×,正しい。指定数量は、危険物取扱者が1日に取り扱える上限量ではない、危険物の危険性に応じて政令で定められる数量である。,法令・制度,TF-L-005;L-086;LAW-004;指定数量;指定数量の意味;基礎,危険物の規制に関する政令 別表第三,公開前確認待ち
TF-L-006,指定数量の説明として最も適切なものについて、「危険物の危険性に応じて定められる基準数量である。」は正しい。,○,正しい。指定数量は、危険物の危険性に応じて定められる基準数量である。,法令・制度,TF-L-006;L-171;LAW-004;指定数量;指定数量の意味;基礎,危険物の規制に関する政令 別表第三,公開前確認待ち
TF-L-007,指定数量倍数の考え方について、「消火器本数を受験者数で割って求める。」は正しい。,×,誤り。消火器本数や受験者数は関係ない、指定数量倍数は、危険物の数量をその危険物の指定数量で割って求める。,法令・制度,TF-L-007;L-211;LAW-004;指定数量;指定数量の意味;標準,危険物の規制に関する政令 別表第三,公開前確認待ち
TF-L-008,法令上、ガソリンの指定数量について、「200 L」は正しい。,○,正しい。ガソリンは第1石油類の非水溶性液体に該当し、指定数量は200 Lである。,法令・制度,TF-L-008;L-007;LAW-005;指定数量;第4類危険物の指定数量;標準,危険物の規制に関する政令 別表第三（https://laws.e-gov.go.jp/law/334CO0000000306）,公開前確認待ち
TF-L-009,特殊引火物の指定数量について、「50 L」は正しい。,○,正しい。特殊引火物の指定数量は50 Lで、第4類危険物の指定数量は品名・性質によって異なる。,法令・制度,TF-L-009;L-046;LAW-005;指定数量;第4類危険物の指定数量;標準,危険物の規制に関する政令 別表第三,公開前確認待ち
TF-L-010,"アルコール類の指定数量について、「10,000 L」は正しい。",×,"誤り。10,000 Lは動植物油類の指定数量で、アルコール類の指定数量は400 Lである、メタノールやエタノールはアルコール類として整理する。",法令・制度,TF-L-010;L-047;LAW-005;指定数量;第4類危険物の指定数量;標準,危険物の規制に関する政令 別表第三,公開前確認待ち
TF-L-011,灯油の指定数量について、「50 L」は正しい。,×,"誤り。50 Lは特殊引火物の指定数量で、灯油は第2石油類の非水溶性液体であり、指定数量は1,000 Lである。",法令・制度,TF-L-011;L-048;LAW-005;指定数量;第4類危険物の指定数量;標準,危険物の規制に関する政令 別表第三,公開前確認待ち
TF-L-012,"動植物油類の指定数量について、「10,000 L」は正しい。",○,"正しい。動植物油類の指定数量は10,000 Lで、第4類の中でも指定数量が大きい分類である。",法令・制度,TF-L-012;L-049;LAW-005;指定数量;第4類危険物の指定数量;標準,危険物の規制に関する政令 別表第三,公開前確認待ち
TF-L-013,"第4石油類の指定数量について、「10,000 L」は正しい。",×,"誤り。10,000 Lは動植物油類で、第4石油類の指定数量は6,000 Lである、潤滑油類などが代表例である。",法令・制度,TF-L-013;L-091;LAW-005;指定数量;第4類危険物の指定数量;標準,危険物の規制に関する政令 別表第三,公開前確認待ち
TF-L-014,"特殊引火物と動植物油類の指定数量の正しい組合せについて、「特殊引火物1,000 L、動植物油類2,000 L」は正しい。",×,"誤り。どちらも誤りで、特殊引火物の指定数量は50 L、動植物油類の指定数量は10,000 Lである。",法令・制度,TF-L-014;L-131;LAW-005;指定数量;第4類危険物の指定数量;標準,危険物の規制に関する政令 別表第三,公開前確認待ち
TF-L-015,ガソリンと灯油の指定数量の組合せについて、「ガソリン50 L、灯油400 L」は正しい。,×,"誤り。数値が違う、ガソリンは第1石油類の非水溶性液体で200 L、灯油は第2石油類の非水溶性液体で1,000 Lである。",法令・制度,TF-L-015;L-172;LAW-005;指定数量;第4類危険物の指定数量;標準,危険物の規制に関する政令 別表第三,公開前確認待ち
TF-L-016,"アルコール類と第4石油類の指定数量の組合せについて、「アルコール類400 L、第4石油類6,000 L」は正しい。",○,"正しい。アルコール類の指定数量は400 L、第4石油類の指定数量は6,000 Lである。",法令・制度,TF-L-016;L-191;LAW-005;指定数量;第4類危険物の指定数量;標準,危険物の規制に関する政令 別表第三,公開前確認待ち
TF-L-017,"第2石油類の非水溶性液体と水溶性液体の指定数量の組合せについて、「非水溶性1,000 L、水溶性2,000 L」は正しい。",○,"正しい。第2石油類は、非水溶性液体が1,000 L、水溶性液体が2,000 Lである。",法令・制度,TF-L-017;L-212;LAW-005;指定数量;第4類危険物の指定数量;標準,危険物の規制に関する政令 別表第三,公開前確認待ち
TF-L-018,第1石油類の指定数量について、「非水溶性液体と水溶性液体で指定数量が異なる。」は正しい。,○,正しい。第1石油類では、非水溶性液体と水溶性液体で指定数量が異なる、ガソリンは非水溶性液体として200 L、アセトンは水溶性液体として400 Lで整理する。,法令・制度,TF-L-018;L-087;LAW-006;指定数量;水溶性・非水溶性による指定数量差;標準,危険物の規制に関する政令 別表第三,公開前確認待ち
TF-L-019,アセトンの指定数量について、「400 L」は正しい。,○,正しい。アセトンは第1石油類の水溶性液体として扱われ、指定数量は400 Lである。,法令・制度,TF-L-019;L-088;LAW-006;指定数量;水溶性・非水溶性による指定数量差;標準,危険物の規制に関する政令 別表第三,公開前確認待ち
TF-L-020,第2石油類の水溶性液体の指定数量について、「400 L」は正しい。,×,"誤り。400 Lはアルコール類などで問題になる、第2石油類の水溶性液体の指定数量は2,000 Lである、非水溶性液体は1,000 Lである。",法令・制度,TF-L-020;L-089;LAW-006;指定数量;水溶性・非水溶性による指定数量差;標準,危険物の規制に関する政令 別表第三,公開前確認待ち
TF-L-021,"第3石油類の非水溶性液体の指定数量について、「2,000 L」は正しい。",○,"正しい。第3石油類の非水溶性液体の指定数量は2,000 Lである。",法令・制度,TF-L-021;L-090;LAW-006;指定数量;水溶性・非水溶性による指定数量差;標準,危険物の規制に関する政令 別表第三,公開前確認待ち
TF-L-022,第1石油類の非水溶性液体と水溶性液体の指定数量について、「非水溶性200 L、水溶性400 L」は正しい。,○,正しい。第1石油類は、非水溶性液体が200 L、水溶性液体が400 Lである。,法令・制度,TF-L-022;L-192;LAW-006;指定数量;水溶性・非水溶性による指定数量差;標準,危険物の規制に関する政令 別表第三,公開前確認待ち
TF-L-023,"ガソリン100 Lと灯油500 Lを同一場所で貯蔵する場合、指定数量の倍数として正しいものはどれか。ただし、ガソリンの指定数量は200 L、灯油の指定数量は1,000 Lとするについて、「1.0倍」は正しい。",○,"正しい。指定数量の倍数は、貯蔵数量を指定数量で割って求める、ガソリンは100÷200＝0.5、灯油は500÷1,000＝0.5、合計1.0倍である。",法令・制度,TF-L-023;L-008;LAW-007;指定数量;指定数量の倍数計算;標準,危険物の規制に関する政令 別表第三、指定数量倍数の考え方,公開前確認待ち
TF-L-024,ガソリン50 Lを貯蔵する場合の指定数量の倍数として、正しいものはどれか。ただし、ガソリンの指定数量は200 Lとするについて、「0.25倍」は正しい。,○,正しい。指定数量の倍数は、貯蔵数量を指定数量で割って求める。,法令・制度,TF-L-024;L-050;LAW-007;指定数量;指定数量の倍数計算;標準,危険物の規制に関する政令 別表第三,公開前確認待ち
TF-L-025,エタノール100 Lを貯蔵する場合の指定数量の倍数として、正しいものはどれか。ただし、エタノールの指定数量は400 Lとするについて、「2.0倍」は正しい。,×,誤り。800 Lなら2.0倍である、指定数量の倍数は数量を指定数量で割る、100÷400＝0.25倍である。,法令・制度,TF-L-025;L-092;LAW-007;指定数量;指定数量の倍数計算;標準,危険物の規制に関する政令 別表第三,公開前確認待ち
TF-L-026,特殊引火物25 Lを貯蔵する場合、指定数量の倍数はどれか。ただし、特殊引火物の指定数量は50 Lとするについて、「2.0倍」は正しい。,×,誤り。100 Lなら2.0倍である、指定数量の倍数は数量÷指定数量で求める、25÷50＝0.5倍である。,法令・制度,TF-L-026;L-132;LAW-007;指定数量;指定数量の倍数計算;標準,危険物の規制に関する政令 別表第三,公開前確認待ち
TF-L-027,ガソリン120 Lの指定数量倍数として正しいものはどれか。ただし、ガソリンの指定数量は200 Lとするについて、「0.4倍」は正しい。,×,誤り。計算結果ではない、120÷200＝0.6倍である。,法令・制度,TF-L-027;L-173;LAW-007;指定数量;指定数量の倍数計算;標準,危険物の規制に関する政令 別表第三,公開前確認待ち
TF-L-028,アルコール類300 Lを貯蔵する場合、指定数量の倍数はどれか。ただし、アルコール類の指定数量は400 Lとするについて、「0.75倍」は正しい。,○,正しい。300÷400＝0.75倍である。,法令・制度,TF-L-028;L-193;LAW-007;指定数量;指定数量の倍数計算;標準,危険物の規制に関する政令 別表第三,公開前確認待ち
TF-L-029,"動植物油類5,000 Lを貯蔵する場合、指定数量の倍数はどれか。ただし、動植物油類の指定数量は10,000 Lとするについて、「1.0倍」は正しい。",×,"誤り。10,000 Lなら1.0倍である、5,000÷10,000＝0.5倍である。",法令・制度,TF-L-029;L-213;LAW-007;指定数量;指定数量の倍数計算;標準,危険物の規制に関する政令 別表第三,公開前確認待ち
TF-L-030,ガソリン100 L、エタノール200 Lを同一場所で貯蔵する場合の指定数量の倍数として、正しいものはどれか。ただし、ガソリンの指定数量は200 L、エタノールの指定数量は400 Lとするについて、「2.0倍」は正しい。,×,誤り。数量を単純に合計して判断するのではない、ガソリンは100÷200＝0.5倍、エタノールは200÷400＝0.5倍で、合計1.0倍である。,法令・制度,TF-L-030;L-051;LAW-008;指定数量;複数危険物を扱う場合の倍数合算;標準,危険物の規制に関する政令 別表第三,公開前確認待ち
TF-L-031,"灯油500 L、軽油500 Lを同一場所で貯蔵する場合の指定数量の倍数として、正しいものはどれか。ただし、灯油・軽油の指定数量はいずれも1,000 Lとするについて、「1.0倍」は正しい。",○,"正しい。灯油500÷1,000＝0.5倍、軽油500÷1,000＝0.5倍、合計1.0倍である。",法令・制度,TF-L-031;L-093;LAW-008;指定数量;複数危険物を扱う場合の倍数合算;標準,危険物の規制に関する政令 別表第三,公開前確認待ち
TF-L-032,ガソリン40 Lとエタノール80 Lを同一場所で貯蔵する場合、指定数量の倍数はどれか。ただし、ガソリン200 L、エタノール400 Lを指定数量とするについて、「2.0倍」は正しい。,×,誤り。計算結果ではない、ガソリン40÷200＝0.2倍、エタノール80÷400＝0.2倍、合計0.4倍である。,法令・制度,TF-L-032;L-133;LAW-008;指定数量;複数危険物を扱う場合の倍数合算;標準,危険物の規制に関する政令 別表第三,公開前確認待ち
TF-L-033,"アセトン200 Lと灯油500 Lを貯蔵する場合の指定数量倍数はどれか。ただし、アセトン400 L、灯油1,000 Lを指定数量とするについて、「3.0倍」は正しい。",×,"誤り。計算結果ではない、アセトン200÷400＝0.5倍、灯油500÷1,000＝0.5倍、合計1.0倍である。",法令・制度,TF-L-033;L-174;LAW-008;指定数量;複数危険物を扱う場合の倍数合算;標準,危険物の規制に関する政令 別表第三,公開前確認待ち
TF-L-034,"ガソリン100 L、灯油300 L、エタノール100 Lを同一場所で貯蔵する場合の指定数量倍数はどれか。ただし、ガソリン200 L、灯油1,000 L、エタノール400 Lを指定数量とするについて、「1.05倍」は正しい。",○,"正しい。ガソリン100÷200＝0.5倍、灯油300÷1,000＝0.3倍、エタノール100÷400＝0.25倍、合計1.05倍である。",法令・制度,TF-L-034;L-194;LAW-008;指定数量;複数危険物を扱う場合の倍数合算;標準,危険物の規制に関する政令 別表第三,公開前確認待ち
TF-L-035,"ガソリン80 L、軽油400 L、潤滑油1,200 Lの指定数量倍数の合計はどれか。ただし、指定数量はガソリン200 L、軽油1,000 L、潤滑油6,000 Lとするについて、「1.0倍」は正しい。",○,"正しい。ガソリン80÷200＝0.4、軽油400÷1,000＝0.4、潤滑油1,200÷6,000＝0.2、合計1.0倍である。",法令・制度,TF-L-035;L-214;LAW-008;指定数量;複数危険物を扱う場合の倍数合算;標準,危険物の規制に関する政令 別表第三,公開前確認待ち
TF-L-036,指定数量未満の危険物について、「消防法上の製造所等の規制とは別に、市町村条例等で規制される場合がある。」は正しい。,○,正しい。指定数量未満であっても危険性がなくなるわけではなく、市町村条例等による規制や火災予防上の注意が必要となる場合がある。,法令・制度,TF-L-036;L-079;LAW-009;指定数量未満;指定数量未満の危険物の扱い;標準,消防法・市町村火災予防条例,公開前確認待ち
TF-L-037,指定数量未満の危険物について、「火気管理は不要である。」は正しい。,×,誤り。火気管理は必要である、指定数量未満でも危険性がなくなるわけではなく、条例等や火災予防上の注意が必要である。,法令・制度,TF-L-037;L-175;LAW-009;指定数量未満;指定数量未満の危険物の扱い;標準,消防法・火災予防条例,公開前確認待ち
TF-L-038,消防法令上の製造所等に含まれる施設の組合せについて、「工場・倉庫・事務所」は正しい。,×,誤り。一般的な建物用途であり、製造所等の分類ではない、危険物を製造し、貯蔵し、または取り扱う施設は、製造所、貯蔵所、取扱所に大別される。,法令・制度,TF-L-038;L-009;LAW-010;製造所等;製造所等の基本分類;基礎,消防法・危険物の規制に関する政令 製造所等の区分,公開前確認待ち
TF-L-039,製造所等の説明について、「第4類危険物だけの別名である。」は正しい。,×,誤り。第4類危険物の別名ではない、製造所等とは、製造所、貯蔵所、取扱所の総称である。,法令・制度,TF-L-039;L-084;LAW-010;製造所等;製造所等の基本分類;基礎,消防法：製造所等,公開前確認待ち
TF-L-040,製造所について、「危険物の分類表の別名である。」は正しい。,×,誤り。分類表ではない、製造所は、危険物を製造する施設であり、製造所等の一つである。,法令・制度,TF-L-040;L-080;LAW-011;製造所;製造所の定義・特徴;基礎,消防法：製造所,公開前確認待ち
TF-L-041,危険物の貯蔵所の種類について、「屋内貯蔵所」は正しい。,○,正しい。屋内貯蔵所は危険物を貯蔵する施設の一つで、給油取扱所、一般取扱所、販売取扱所、移送取扱所は取扱所に分類される。,法令・制度,TF-L-041;L-021;LAW-012;貯蔵所;貯蔵所の種類全体;基礎,危険物の規制に関する政令：貯蔵所・取扱所の区分,公開前確認待ち
TF-L-042,貯蔵所に該当するものについて、「給油取扱所」は正しい。,×,誤り。給油取扱所は取扱所である、地下タンク貯蔵所は貯蔵所の一種で、販売取扱所、給油取扱所、移送取扱所、一般取扱所はいずれも取扱所である。,法令・制度,TF-L-042;L-081;LAW-012;貯蔵所;貯蔵所の種類全体;基礎,危険物の規制に関する政令：貯蔵所,公開前確認待ち
TF-L-043,移動タンク貯蔵所の分類について、「給油取扱所」は正しい。,×,誤り。給油取扱所ではない、移動タンク貯蔵所は、名称に移動とあるが貯蔵所の一種である。,法令・制度,TF-L-043;L-195;LAW-012;貯蔵所;貯蔵所の種類全体;基礎,危険物の規制に関する政令：貯蔵所,公開前確認待ち
TF-L-044,危険物の取扱所の種類について、「地下タンク貯蔵所」は正しい。,×,誤り。地下タンク貯蔵所は貯蔵所で、給油取扱所は危険物を取り扱う取扱所の一種である、他の選択肢はいずれも貯蔵所に分類される。,法令・制度,TF-L-044;L-022;LAW-013;取扱所;取扱所の種類全体;基礎,危険物の規制に関する政令：取扱所の区分,公開前確認待ち
TF-L-045,取扱所に該当するものについて、「一般取扱所」は正しい。,○,正しい。一般取扱所は取扱所の一種である。,法令・制度,TF-L-045;L-082;LAW-013;取扱所;取扱所の種類全体;基礎,危険物の規制に関する政令：取扱所,公開前確認待ち
TF-L-046,移送取扱所の分類について、「地下タンク貯蔵所」は正しい。,×,誤り。地下タンク貯蔵所ではない、移送取扱所は取扱所の一種である。,法令・制度,TF-L-046;L-196;LAW-013;取扱所;取扱所の種類全体;基礎,危険物の規制に関する政令：取扱所,公開前確認待ち
TF-L-047,指定数量以上の危険物を貯蔵し、又は取り扱う製造所等を設置する場合について、「原則として、あらかじめ法令上の許可を受ける必要がある。」は正しい。,○,正しい。指定数量以上の危険物を貯蔵し、又は取り扱う製造所等を設置する場合、法令上の許可が必要となる。,法令・制度,TF-L-047;L-011;LAW-014;許可;製造所等の設置許可;基礎,消防法・危険物の規制に関する政令：製造所等の設置許可,公開前確認待ち
TF-L-048,製造所等の設置許可について、「指定数量以上の危険物を扱う製造所等を設置する場合に問題となる。」は正しい。,○,正しい。指定数量以上の危険物を貯蔵し、又は取り扱う製造所等を設置する場合、法令上の許可が問題となる。,法令・制度,TF-L-048;L-094;LAW-014;許可;製造所等の設置許可;基礎,消防法：設置許可,公開前確認待ち
TF-L-049,施設の設置許可と危険物取扱者免状の関係について、「施設の設置許可と取扱者の免状は別の制度である。」は正しい。,○,正しい。製造所等の設置許可は施設に関する制度であり、危険物取扱者免状は人の資格に関する制度である。,法令・制度,TF-L-049;L-134;LAW-014;許可;製造所等の設置許可;基礎,消防法：設置許可・危険物取扱者免状,公開前確認待ち
TF-L-050,指定数量以上の危険物を貯蔵する施設を設置する場合、原則として問題となる手続きについて、「設置許可」は正しい。,○,正しい。指定数量以上の危険物を扱う製造所等の設置には、設置許可が問題となる。,法令・制度,TF-L-050;L-176;LAW-014;許可;製造所等の設置許可;基礎,消防法：設置許可,公開前確認待ち
TF-L-051,製造所等の設置許可が施設側の制度である理由として、最も適切なものについて、「危険物の販売価格を決めるため。」は正しい。,×,誤り。販売価格ではない、製造所等の設置許可は、危険物を扱う施設の位置・構造・設備等が基準に適合するかを確認する施設側の制度である。,法令・制度,TF-L-051;L-197;LAW-014;許可;製造所等の設置許可;標準,消防法：設置許可,公開前確認待ち
TF-L-052,製造所等の設置許可について、施設側の論点について、「販売価格の高低だけが問題となる。」は正しい。,×,誤り。販売価格ではない、設置許可では、施設の位置・構造・設備などが法令基準に適合するかが問題となる。,法令・制度,TF-L-052;L-215;LAW-014;許可;製造所等の設置許可;基礎,消防法：設置許可,公開前確認待ち
TF-L-053,製造所等の位置、構造または設備を変更する場合について、「法令上、変更内容によってはあらかじめ変更許可を受ける必要がある。」は正しい。,○,正しい。製造所等の位置、構造または設備を変更する場合、法令上、変更許可が必要となる場合がある、取扱者の立会いや標識だけで手続きが不要になるわけではない。,法令・制度,TF-L-053;L-012;LAW-015;許可;製造所等の変更許可;標準,消防法：製造所等の変更許可,公開前確認待ち
TF-L-054,製造所等の変更許可について、「位置、構造または設備を変更する場合に必要となる場合がある。」は正しい。,○,正しい。製造所等の位置、構造または設備を変更する場合、変更許可が必要となる場合がある。,法令・制度,TF-L-054;L-095;LAW-015;許可;製造所等の変更許可;標準,消防法：変更許可,公開前確認待ち
TF-L-055,製造所等の変更で、変更許可の対象として最も関係が深いものについて、「受験票の印刷位置の変更」は正しい。,×,誤り。受験票とは関係ない、製造所等の位置、構造または設備を変更する場合、変更許可が必要となる場合がある。,法令・制度,TF-L-055;L-135;LAW-015;許可;製造所等の変更許可;標準,消防法：変更許可,公開前確認待ち
TF-L-056,製造所等の位置を変更する場合について、「免状の写真変更だけで足りる。」は正しい。,×,誤り。免状写真とは別である、製造所等の位置、構造または設備を変更する場合、変更許可が必要となる場合がある。,法令・制度,TF-L-056;L-177;LAW-015;許可;製造所等の変更許可;標準,消防法：変更許可,公開前確認待ち
TF-L-057,製造所等の完成検査について、「設置または変更の工事後、法令上の完成検査を受ける必要がある場合がある。」は正しい。,○,正しい。製造所等の設置または変更工事後には、法令上の完成検査が必要となる場合がある。,法令・制度,TF-L-057;L-013;LAW-016;検査;完成検査;基礎,消防法：完成検査,公開前確認待ち
TF-L-058,完成検査の説明について、「危険物取扱者試験の合格発表である。」は正しい。,×,誤り。試験合格発表ではない、完成検査は、製造所等の設置または変更工事後、施設が法令基準に適合するかを確認する検査である。,法令・制度,TF-L-058;L-096;LAW-016;検査;完成検査;基礎,消防法：完成検査,公開前確認待ち
TF-L-059,完成検査を行う主な趣旨として、適切なものについて、「危険物の味を確認するため。」は正しい。,×,誤り。味を確認してはならない、完成検査は、製造所等の設置または変更工事後に、施設が法令基準に適合しているか確認するための検査である。,法令・制度,TF-L-059;L-136;LAW-016;検査;完成検査;標準,消防法：完成検査,公開前確認待ち
TF-L-060,完成検査を受ける前に製造所等を使用することについて、正しい理解について、「完成検査は免状の書換えである。」は正しい。,×,誤り。免状書換えではない、製造所等は、完成検査により基準適合を確認した後に使用するのが原則である。,法令・制度,TF-L-060;L-178;LAW-016;検査;完成検査;標準,消防法：完成検査,公開前確認待ち
TF-L-061,完成検査前検査について、「施設の掲示板の色だけを確認する検査である。」は正しい。,×,誤り。掲示板の色だけを確認するものではない、完成検査前検査は、一定のタンクなどについて完成検査の前に行われる検査である、試験採点や危険物の味の確認ではない。,法令・制度,TF-L-061;L-052;LAW-017;検査;完成検査前検査;標準,消防法：完成検査前検査,公開前確認待ち
TF-L-062,完成検査前検査の対象として関係が深いものについて、「一定の液体危険物タンク」は正しい。,○,正しい。完成検査前検査は、一定の液体危険物タンクなどについて問題となる検査である。,法令・制度,TF-L-062;L-137;LAW-017;検査;完成検査前検査;標準,消防法：完成検査前検査,公開前確認待ち
TF-L-063,完成検査前検査と完成検査の関係について、「完成検査前検査を受ければ完成検査は常に不要である。」は正しい。,×,誤り。常に不要とは限らない、一定の液体危険物タンクなどでは、完成検査の前に完成検査前検査が問題となる場合がある。,法令・制度,TF-L-063;L-198;LAW-017;検査;完成検査前検査;標準,消防法：完成検査前検査,公開前確認待ち
TF-L-064,指定数量以上の危険物を一時的に貯蔵し、または取り扱う場合について、「法令上、仮貯蔵または仮取扱いとして承認を受ける必要がある場合がある。」は正しい。,○,正しい。指定数量以上の危険物を一時的に貯蔵または取り扱う場合、仮貯蔵・仮取扱いとして承認が必要となる場合がある、一時的であれば無制限に可能というわけではない。,法令・制度,TF-L-064;L-014;LAW-018;仮貯蔵・仮取扱い;仮貯蔵・仮取扱い;標準,消防法：仮貯蔵・仮取扱い,公開前確認待ち
TF-L-065,仮使用について、「変更工事中などでも、一定の条件のもとで一部を使用するため承認が必要となる場合がある。」は正しい。,○,正しい。仮使用は、変更工事中などに一定の条件のもとで施設の一部を使用するための承認に関する論点である。,法令・制度,TF-L-065;L-053;LAW-018;仮使用;仮使用の承認;標準,消防法：仮使用,公開前確認待ち
TF-L-066,仮貯蔵・仮取扱いに関する説明について、「一時的な場合でも、指定数量以上なら承認が必要となる場合がある。」は正しい。,○,正しい。指定数量以上の危険物を一時的に貯蔵または取り扱う場合、仮貯蔵・仮取扱いとして承認が必要となる場合がある。,法令・制度,TF-L-066;L-111;LAW-018;仮貯蔵・仮取扱い;仮貯蔵・仮取扱い;標準,消防法：仮貯蔵・仮取扱い,公開前確認待ち
TF-L-067,仮使用と仮貯蔵・仮取扱いの説明について、「完全に同じ制度であり、名称以外に違いはない。」は正しい。,×,誤り。完全に同じ制度ではない、仮使用と仮貯蔵・仮取扱いは、いずれも例外的な場面で問題となるが、制度上は区別される。,法令・制度,TF-L-067;L-112;LAW-018;仮使用;仮使用の承認;標準,消防法：仮使用・仮貯蔵・仮取扱い,公開前確認待ち
TF-L-068,変更工事中の製造所等の一部を使用する場合に関係する制度について、「免状の再交付」は正しい。,×,誤り。免状再交付ではない、変更工事中の製造所等の一部を使用する場合、仮使用の承認が問題となる。,法令・制度,TF-L-068;L-179;LAW-018;仮使用;仮使用の承認;標準,消防法：仮使用,公開前確認待ち
TF-L-069,「仮貯蔵・仮取扱いについて、誤っているものはどれか。」という問いに対して、「第4類危険物でも対象になり得る。」を選ぶのは正しい。,×,正しい。一時的であっても、指定数量以上の危険物を仮に貯蔵・取り扱う場合には承認が必要となる場合がある。,法令・制度,TF-L-069;L-216;LAW-018;仮貯蔵・仮取扱い;仮貯蔵・仮取扱い;標準,消防法：仮貯蔵・仮取扱い,公開前確認待ち
TF-L-070,危険物保安監督者を選任または解任した場合について、「選任や解任をしても、届出制度は一切ない。」は正しい。,×,誤り。危険物保安監督者を選任または解任した場合、法令上、届出が必要となる場合がある。,法令・制度,TF-L-070;L-097;LAW-019;届出;危険物保安監督者選任・解任届出;標準,消防法：危険物保安監督者選任・解任届出,公開前確認待ち
TF-L-071,危険物保安監督者を選任した場合の届出について、「法令上、届出が必要となる場合がある。」は正しい。,○,正しい。危険物保安監督者を選任した場合、法令上、届出が必要となる場合がある。,法令・制度,TF-L-071;L-113;LAW-019;届出;危険物保安監督者選任・解任届出;標準,消防法：危険物保安監督者,公開前確認待ち
TF-L-072,製造所等で貯蔵し、又は取り扱う危険物の品名、数量または指定数量の倍数を変更する場合について、「危険物取扱者免状の写真を変えるだけで足りる。」は正しい。,×,誤り。免状写真の変更ではない、製造所等で貯蔵または取り扱う危険物の品名、数量、指定数量の倍数を変更する場合、届出が必要となる場合がある。,法令・制度,TF-L-072;L-054;LAW-020;届出;品名・数量・指定数量倍数の変更届出;標準,消防法：品名・数量・指定数量倍数の変更届出,公開前確認待ち
TF-L-073,危険物の品名変更に関する説明について、「品名を変えれば指定数量は必ずゼロになる。」は正しい。,×,誤り。指定数量はゼロにならない、製造所等で貯蔵し、又は取り扱う危険物の品名を変更する場合、届出が必要となる場合がある。,法令・制度,TF-L-073;L-114;LAW-020;届出;品名・数量・指定数量倍数の変更届出;標準,消防法：品名・数量・指定数量倍数の変更届出,公開前確認待ち
TF-L-074,製造所等で取り扱う危険物の数量変更について、「法令上、届出が必要となる場合がある。」は正しい。,○,正しい。製造所等で貯蔵し、又は取り扱う危険物の数量を変更する場合、法令上、届出が必要となる場合がある。,法令・制度,TF-L-074;L-138;LAW-020;届出;品名・数量・指定数量倍数の変更届出;標準,消防法：変更届出,公開前確認待ち
TF-L-075,危険物の品名、数量、指定数量倍数を変更する場合の扱いについて、「危険物取扱者免状が自動で失効する。」は正しい。,×,誤り。免状失効とは限らない、製造所等で扱う危険物の品名、数量、指定数量倍数を変更する場合、届出が必要となる場合がある。,法令・制度,TF-L-075;L-217;LAW-020;届出;品名・数量・指定数量倍数の変更届出;標準,消防法：変更届出,公開前確認待ち
TF-L-076,製造所等を譲り受けた場合などの手続きについて、「譲渡の届出は、危険物取扱者免状の更新手続きだけをいう。」は正しい。,×,誤り。免状更新手続きではない、製造所等の譲渡または引渡しがあった場合、法令上、届出が必要となる場合がある、施設の権利移転と免状更新は別の手続きである。,法令・制度,TF-L-076;L-023;LAW-021;届出;譲渡・引渡しの届出;標準,消防法：製造所等の譲渡・引渡し,公開前確認待ち
TF-L-077,製造所等の譲渡または引渡しがあった場合について、「法令上、届出が必要となる場合がある。」は正しい。,○,正しい。製造所等の譲渡または引渡しがあった場合、法令上、届出が必要となる場合がある。,法令・制度,TF-L-077;L-098;LAW-021;届出;譲渡・引渡しの届出;標準,消防法：譲渡・引渡し,公開前確認待ち
TF-L-078,製造所等を譲り受けた場合に関係する手続きについて、「販売価格の認可」は正しい。,×,誤り。販売価格認可ではない、製造所等の譲渡または引渡しがあった場合、届出が必要となる場合がある。,法令・制度,TF-L-078;L-180;LAW-021;届出;譲渡・引渡しの届出;標準,消防法：譲渡・引渡し,公開前確認待ち
TF-L-079,製造所等の用途を廃止した場合の手続きについて、「法令上、廃止の届出が必要となる場合がある。」は正しい。,○,正しい。製造所等を廃止した場合、法令上、廃止の届出が必要となる場合がある、危険物の残存や安全措置にも注意が必要である。,法令・制度,TF-L-079;L-024;LAW-022;届出;廃止届出;基礎,消防法：製造所等の廃止,公開前確認待ち
TF-L-080,製造所等を廃止した場合について、「法令上、廃止の届出が必要となる場合がある。」は正しい。,○,正しい。製造所等を廃止した場合、法令上、廃止の届出が必要となる場合がある、危険物の残存にも注意が必要である。,法令・制度,TF-L-080;L-115;LAW-022;届出;廃止届出;基礎,消防法：製造所等の廃止,公開前確認待ち
TF-L-081,製造所等を廃止した後の対応として、適切なものについて、「指定数量を自動で増やす。」は正しい。,×,誤り。指定数量は増えない、製造所等を廃止した場合、廃止届出や残存危険物の安全措置が重要である。,法令・制度,TF-L-081;L-199;LAW-022;届出;廃止届出;基礎,消防法：廃止届出,公開前確認待ち
TF-L-082,乙種危険物取扱者について、「免状に指定された類の危険物について、取扱いまたは立会いができる。」は正しい。,○,正しい。乙種危険物取扱者は、免状に指定された類の危険物について取扱いおよび立会いができる、乙4であれば第4類危険物が対象である。,法令・制度,TF-L-082;L-004;LAW-023;危険物取扱者;甲種・乙種・丙種の違い;基礎,消防法 危険物取扱者制度、消防試験研究センター試験案内,公開前確認待ち
TF-L-083,危険物取扱者の区分について、「甲種は、すべての種類の危険物を取り扱うことができる。」は正しい。,○,正しい。乙種は免状に指定された類、乙種第4類は第4類危険物が対象である。,法令・制度,TF-L-083;L-010;LAW-023;危険物取扱者;甲種・乙種・丙種の違い;基礎,消防試験研究センター 危険物取扱者免状の区分（https://www.shoubo-shiken.or.jp/kikenbutsu/）,公開前確認待ち
TF-L-084,乙種第4類危険物取扱者が取り扱える危険物について、「危険物以外のすべての薬品」は正しい。,×,誤り。危険物以外のすべての薬品を扱う資格ではない、乙種危険物取扱者は、免状に指定された類の危険物を取り扱うことができる、乙種第4類では第4類危険物が対象である。,法令・制度,TF-L-084;L-083;LAW-023;危険物取扱者;甲種・乙種・丙種の違い;標準,消防試験研究センター：危険物取扱者免状,公開前確認待ち
TF-L-085,甲種危険物取扱者の取扱範囲について、「すべての種類の危険物を取り扱うことができる。」は正しい。,○,正しい。甲種危険物取扱者は、すべての種類の危険物を取り扱うことができる。,法令・制度,TF-L-085;L-139;LAW-023;危険物取扱者;甲種・乙種・丙種の違い;標準,消防試験研究センター：危険物取扱者免状,公開前確認待ち
TF-L-086,乙種危険物取扱者の説明について、「消火設備の名称である。」は正しい。,×,誤り。消火設備ではない、乙種危険物取扱者は、免状に指定された類の危険物を取り扱える。,法令・制度,TF-L-086;L-218;LAW-023;危険物取扱者;甲種・乙種・丙種の違い;標準,消防試験研究センター：危険物取扱者免状,公開前確認待ち
TF-L-087,危険物取扱者免状を亡失した場合の対応について、「免状をなくしても、すべての危険物を自由に扱える。」は正しい。,×,誤り。免状の範囲を超えて扱えるわけではない、危険物取扱者免状を亡失した場合には、再交付の手続きが問題となる、施設の許可とは別の手続きである。,法令・制度,TF-L-087;L-066;LAW-024;免状;免状の交付・書換え・再交付;基礎,消防法：危険物取扱者免状,公開前確認待ち
TF-L-088,危険物取扱者免状の書換えが問題となる場合として、適切なものについて、「給油取扱所を見学した場合。」は正しい。,×,誤り。見学だけで書換えは不要である、危険物取扱者免状の記載事項に変更があった場合、書換えの手続きが問題となる。,法令・制度,TF-L-088;L-116;LAW-024;免状;免状の交付・書換え・再交付;基礎,消防法：危険物取扱者免状,公開前確認待ち
TF-L-089,免状の再交付が問題となる事例について、「免状を亡失または損傷した場合。」は正しい。,○,正しい。免状を亡失または損傷した場合、再交付が問題となる。,法令・制度,TF-L-089;L-140;LAW-024;免状;免状の交付・書換え・再交付;基礎,消防法：危険物取扱者免状,公開前確認待ち
TF-L-090,免状の記載事項に変更があった場合に関係する手続きについて、「指定数量倍数の合算」は正しい。,×,誤り。計算ではない、免状の記載事項に変更があった場合、書換えの手続きが問題となる。,法令・制度,TF-L-090;L-181;LAW-024;免状;免状の交付・書換え・再交付;基礎,消防法：危険物取扱者免状,公開前確認待ち
TF-L-091,危険物取扱者免状について、「氏名など免状記載事項に変更があった場合、書換えが必要となる場合がある。」は正しい。,○,正しい。危険物取扱者免状は、記載事項に変更があった場合の書換えや、紛失等の場合の再交付が問題となる、施設の設置許可証とは別である。,法令・制度,TF-L-091;L-025;LAW-025;免状;免状の交付・書換え・再交付;基礎,消防法：危険物取扱者免状,公開前確認待ち
TF-L-092,危険物取扱者の保安講習について、適切な説明について、「危険物の取扱作業に従事する者に対し、一定の時期に受講が求められる場合がある。」は正しい。,○,正しい。危険物の取扱作業に従事する危険物取扱者には、保安講習の受講が求められる場合がある。,法令・制度,TF-L-092;L-067;LAW-025;保安講習;保安講習の対象・時期;標準,消防法：保安講習,公開前確認待ち
TF-L-093,免状取得後の保安講習について、「保安講習は指定数量の別名である。」は正しい。,×,誤り。指定数量ではない、危険物取扱者免状を取得した後も、危険物の取扱作業に従事する場合は保安講習が必要となる場合がある。,法令・制度,TF-L-093;L-141;LAW-025;保安講習;保安講習の対象・時期;標準,消防法：保安講習,公開前確認待ち
TF-L-094,保安講習の目的として最も近いものについて、「施設の販売価格を決めるため。」は正しい。,×,誤り。販売価格とは関係ない、保安講習は、危険物取扱作業に関する保安知識を維持・向上するための制度である。,法令・制度,TF-L-094;L-182;LAW-025;保安講習;保安講習の対象・時期;標準,消防法：保安講習,公開前確認待ち
TF-L-095,危険物取扱者の保安講習について、「危険物の取扱作業に従事する危険物取扱者には、保安講習の受講が必要となる場合がある。」は正しい。,○,正しい。危険物の取扱作業に従事する危険物取扱者には、法令上、保安講習の受講が必要となる場合がある、免状取得後も保安教育は重要である。,法令・制度,TF-L-095;L-015;LAW-026;保安講習;保安講習の対象・時期;基礎,消防法：危険物取扱者の保安講習,公開前確認待ち
TF-L-096,危険物保安統括管理者の役割として、最も適切なものについて、「指定数量を自由に変更する。」は正しい。,×,誤り。指定数量は自由に変えられない、危険物保安統括管理者は、一定の事業所における危険物保安に関する業務を統括管理する役割である。,法令・制度,TF-L-096;L-117;LAW-026;危険物保安統括管理者;選任要件・役割;標準,消防法：危険物保安統括管理者,公開前確認待ち
TF-L-097,危険物保安統括管理者と関係が深いものについて、「事業所全体の危険物保安業務の統括」は正しい。,○,正しい。危険物保安統括管理者は、一定の事業所における危険物保安業務を統括する役割である。,法令・制度,TF-L-097;L-200;LAW-026;危険物保安統括管理者;選任要件・役割;標準,消防法：危険物保安統括管理者,公開前確認待ち
TF-L-098,危険物保安監督者について、「危険物保安監督者は、運搬容器の製造だけを行う者である。」は正しい。,×,誤り。運搬容器の製造だけを行う者ではない、一定の製造所等では、危険物の保安管理のため危険物保安監督者の選任が必要となる場合がある。,法令・制度,TF-L-098;L-016;LAW-027;危険物保安監督者;選任が必要な施設・資格要件;標準,消防法：危険物保安監督者,公開前確認待ち
TF-L-099,危険物保安監督者の選任について、「危険物保安監督者は、危険物の分類名である。」は正しい。,×,誤り。危険物の分類名ではない、危険物保安監督者は、一定の製造所等で危険物の保安管理のために選任が必要となる場合がある。,法令・制度,TF-L-099;L-055;LAW-027;危険物保安監督者;選任が必要な施設・資格要件;標準,消防法：危険物保安監督者,公開前確認待ち
TF-L-100,「危険物保安監督者について、誤っているものはどれか。」という問いに対して、「選任・解任の届出が問題となる場合がある。」を選ぶのは正しい。,×,正しい。危険物保安監督者は、すべての一般住宅で必ず選任するものではない。,法令・制度,TF-L-100;L-219;LAW-027;危険物保安監督者;選任が必要な施設・資格要件;標準,消防法：危険物保安監督者,公開前確認待ち
TF-L-101,危険物保安監督者の業務として、最も関係が深いものについて、「危険物の取扱作業に関する保安の監督」は正しい。,○,正しい。危険物保安監督者は、危険物の取扱作業に関する保安の監督に関係する、試験問題作成や価格決定を行う者ではない。,法令・制度,TF-L-101;L-056;LAW-028;危険物保安監督者;危険物保安監督者の業務;基礎,消防法：危険物保安監督者の業務,公開前確認待ち
TF-L-102,危険物保安監督者に関する説明について、「指定数量の単位である。」は正しい。,×,誤り。指定数量の単位ではない、危険物保安監督者は、危険物の取扱作業に関する保安監督に関係する。,法令・制度,TF-L-102;L-118;LAW-028;危険物保安監督者;危険物保安監督者の業務;標準,消防法：危険物保安監督者,公開前確認待ち
TF-L-103,危険物保安統括管理者について、「一定規模の事業所などで、危険物保安に関する業務を統括管理する者として選任が必要となる場合がある。」は正しい。,○,正しい。危険物保安統括管理者は、一定の事業所等で危険物保安に関する業務を統括管理する者として選任が必要となる場合がある。,法令・制度,TF-L-103;L-026;LAW-029;危険物保安統括管理者;選任要件・役割;標準,消防法：危険物保安統括管理者,公開前確認待ち
TF-L-104,危険物保安統括管理者と危険物保安監督者の関係について、「完全に同じ制度であり、どちらか一方の名称しか使えない。」は正しい。,×,誤り。完全に同じ制度ではない、危険物保安統括管理者と危険物保安監督者は名称が似ているが、制度上の役割は区別される。,法令・制度,TF-L-104;L-119;LAW-029;危険物保安統括管理者;選任要件・役割;標準,消防法：保安管理制度,公開前確認待ち
TF-L-105,危険物施設保安員について、「一定の危険物施設で、施設の構造や設備に関する保安業務に関与する者として選任が必要となる場合がある。」は正しい。,○,正しい。危険物施設保安員は、一定の危険物施設において施設の保安に関する業務に関与する者として選任が必要となる場合がある。,法令・制度,TF-L-105;L-027;LAW-030;危険物施設保安員;選任要件・役割;標準,消防法：危険物施設保安員,公開前確認待ち
TF-L-106,危険物施設保安員の説明について、「危険物の分類名の一つである。」は正しい。,×,誤り。危険物の分類名ではない、危険物施設保安員は、一定の危険物施設で施設の保安に関する業務に関与する者である。,法令・制度,TF-L-106;L-068;LAW-030;危険物施設保安員;選任要件・役割;標準,消防法：危険物施設保安員,公開前確認待ち
TF-L-107,危険物施設保安員と関係が深いものについて、「危険物の味の確認。」は正しい。,×,誤り。味を確認してはならない、危険物施設保安員は、一定の危険物施設の構造や設備に関する保安業務に関係する。,法令・制度,TF-L-107;L-120;LAW-030;危険物施設保安員;選任要件・役割;標準,消防法：危険物施設保安員,公開前確認待ち
TF-L-108,危険物施設保安員の説明として、適切なものについて、「危険物取扱者試験の科目名である。」は正しい。,×,誤り。試験科目名ではない、危険物施設保安員は、危険物施設の構造や設備の保安に関する業務に関係する。,法令・制度,TF-L-108;L-201;LAW-030;危険物施設保安員;選任要件・役割;標準,消防法：危険物施設保安員,公開前確認待ち
TF-L-109,予防規程について、「予防規程は、危険物取扱者免状の別名である。」は正しい。,×,誤り。危険物取扱者免状の別名ではない、予防規程は、一定の製造所等において火災予防や保安管理のために定める規程である、危険物の分類表や免状の別名ではない。,法令・制度,TF-L-109;L-017;LAW-031;予防規程;予防規程の作成・認可;標準,消防法：予防規程,公開前確認待ち
TF-L-110,予防規程の内容として、関係が深いものについて、「危険物施設における災害予防や保安管理に関する事項」は正しい。,○,正しい。予防規程は、一定の製造所等における火災予防や保安管理に関する規程である。,法令・制度,TF-L-110;L-069;LAW-031;予防規程;予防規程の作成・認可;標準,消防法：予防規程,公開前確認待ち
TF-L-111,予防規程を定める目的として、最も適切なものについて、「危険物施設における火災予防や保安管理を適切に行うため。」は正しい。,○,正しい。予防規程は、危険物施設における火災予防や保安管理を適切に行うために定められる。,法令・制度,TF-L-111;L-121;LAW-031;予防規程;予防規程の作成・認可;標準,消防法：予防規程,公開前確認待ち
TF-L-112,予防規程について、誤っている説明について、「施設の安全管理ルールとして重要である。」は正しい。,×,正しい。予防規程は試験問題集の名称ではなく、一定の製造所等における火災予防や保安管理に関する規程である。,法令・制度,TF-L-112;L-142;LAW-031;予防規程;予防規程の作成・認可;標準,消防法：予防規程,公開前確認待ち
TF-L-113,予防規程に盛り込む内容として関係が深いものについて、「危険物の販売価格」は正しい。,×,誤り。販売価格ではない、予防規程は、火災予防や保安管理に関する事項を定める規程である。,法令・制度,TF-L-113;L-183;LAW-031;予防規程;予防規程の作成・認可;標準,消防法：予防規程,公開前確認待ち
TF-L-114,予防規程の作成が求められる趣旨として、適切なものについて、「販売価格を統一するため。」は正しい。,×,誤り。販売価格ではない、予防規程は、危険物施設における火災予防と保安管理を組織的に行うための規程である。,法令・制度,TF-L-114;L-202;LAW-031;予防規程;予防規程の作成・認可;標準,消防法：予防規程,公開前確認待ち
TF-L-115,危険物施設の定期点検について、「一定の製造所等では、定期に点検を行う必要がある場合がある。」は正しい。,○,正しい。一定の製造所等では、施設の安全確保のため定期点検が必要となる場合がある、消火設備の有無だけで常に不要になるわけではない。,法令・制度,TF-L-115;L-028;LAW-032;定期点検;定期点検が必要な施設;標準,消防法：定期点検,公開前確認待ち
TF-L-116,定期点検の目的として、最も適切なものについて、「危険物施設の維持管理状態を確認し、事故を予防するため。」は正しい。,○,正しい。定期点検は、危険物施設の維持管理状態を確認し、事故を予防するために行われる。,法令・制度,TF-L-116;L-099;LAW-032;定期点検;定期点検が必要な施設;標準,消防法：定期点検,公開前確認待ち
TF-L-117,完成検査と定期点検の説明について、「完成検査は工事後の確認、定期点検は使用中の維持管理確認に関係する。」は正しい。,○,正しい。完成検査は設置・変更工事後の確認、定期点検は使用中の施設の維持管理状態の確認に関係する。,法令・制度,TF-L-117;L-143;LAW-032;定期点検;定期点検が必要な施設;標準,消防法：完成検査・定期点検,公開前確認待ち
TF-L-118,定期点検と最も関係が深いものについて、「免状写真の更新」は正しい。,×,誤り。免状写真ではない、定期点検は、危険物施設の維持管理状態を確認するために行う。,法令・制度,TF-L-118;L-220;LAW-032;定期点検;定期点検が必要な施設;標準,消防法：定期点検,公開前確認待ち
TF-L-119,危険物施設の点検記録について、「法令上、定期点検の記録を作成し、保存することが求められる場合がある。」は正しい。,○,正しい。危険物施設の定期点検では、点検記録の作成・保存が求められる場合がある、記録は施設管理や保安確認に用いられる。,法令・制度,TF-L-119;L-029;LAW-033;定期点検;点検記録の保存;標準,消防法：定期点検記録,公開前確認待ち
TF-L-120,定期点検記録について、「作成し、一定期間保存することが求められる場合がある。」は正しい。,○,正しい。定期点検を行った場合、点検記録を作成し、一定期間保存することが求められる場合がある。,法令・制度,TF-L-120;L-100;LAW-033;定期点検;点検記録の保存;標準,消防法：定期点検記録,公開前確認待ち
TF-L-121,保安検査について、「一定の危険物施設では、保安検査を受ける必要がある場合がある。」は正しい。,○,正しい。保安検査は、一定の危険物施設について安全性を確認するために行われる場合がある、免状写真や危険物の味を確認する手続きではない。,法令・制度,TF-L-121;L-030;LAW-034;保安検査;保安検査の対象;標準,消防法：保安検査,公開前確認待ち
TF-L-122,保安検査と定期点検の説明について、「いずれも危険物施設の安全確保に関係するが、制度上は区別される。」は正しい。,○,正しい。保安検査と定期点検はいずれも危険物施設の安全確保に関係するが、制度上は区別される。,法令・制度,TF-L-122;L-101;LAW-034;保安検査;保安検査の対象;標準,消防法：保安検査・定期点検,公開前確認待ち
TF-L-123,保安検査と保安講習の違いについて、「保安検査は施設、保安講習は取扱者の教育に関係する。」は正しい。,○,正しい。保安検査は施設の安全性確認、保安講習は危険物取扱者の保安教育に関係する制度である。,法令・制度,TF-L-123;L-203;LAW-034;保安検査;保安検査の対象;標準,消防法：保安検査・保安講習,公開前確認待ち
TF-L-124,自衛消防組織について、「自衛消防組織は、可燃性蒸気の化学式をいう。」は正しい。,×,誤り。化学式ではない、自衛消防組織は、火災等の災害に備え、初期対応や通報、避難誘導などの体制に関係する組織である。,法令・制度,TF-L-124;L-031;LAW-035;自衛消防組織;自衛消防組織の設置対象・役割;標準,消防法令：自衛消防組織,公開前確認待ち
TF-L-125,自衛消防組織の役割として、適切なものについて、「危険物の味を調べる。」は正しい。,×,誤り。味を調べてはならない、自衛消防組織は、火災等に備えた初期対応、通報、避難誘導などの体制に関係する。,法令・制度,TF-L-125;L-122;LAW-035;自衛消防組織;自衛消防組織の設置対象・役割;標準,消防法令：自衛消防組織,公開前確認待ち
TF-L-126,危険物の漏えいや火災が発生した場合の対応として、適切なものについて、「被害の拡大を防ぐため、応急措置や通報を行う。」は正しい。,○,正しい。危険物の漏えいや火災が発生した場合は、被害拡大防止のための応急措置、通報、避難などが重要である。,法令・制度,TF-L-126;L-032;LAW-036;事故時対応;災害発生時の応急措置;基礎,消防法令：危険物災害時の措置,公開前確認待ち
TF-L-127,危険物の流出事故が発生した場合の対応として、適切なものについて、「流出拡大を防ぎ、火気を避け、必要な通報を行う。」は正しい。,○,正しい。危険物の流出時は、流出拡大防止、火気厳禁、通報、回収などの応急措置が重要である。,法令・制度,TF-L-127;L-102;LAW-036;事故時対応;災害発生時の応急措置;基礎,消防法：事故時の応急措置,公開前確認待ち
TF-L-128,危険物火災が発生した場合の初期対応として、適切なものについて、「漏えいした危険物を下水へ流す。」は正しい。,×,誤り。下水へ流してはならない、危険物火災では、通報、避難、初期消火、周囲への注意喚起など、被害拡大を防ぐ対応が重要である。,法令・制度,TF-L-128;L-123;LAW-036;事故時対応;災害発生時の応急措置;基礎,消防法令：災害発生時の応急措置,公開前確認待ち
TF-L-129,危険物事故時の通報について、「被害拡大を防ぐため、必要な通報を行う。」は正しい。,○,正しい。危険物事故時は、被害拡大を防ぐため、必要な通報や応急措置を行う。,法令・制度,TF-L-129;L-184;LAW-036;事故時対応;災害発生時の応急措置;基礎,消防法令：事故時対応,公開前確認待ち
TF-L-130,危険物が河川や排水溝へ流出しそうな場合の対応として、適切なものについて、「流出拡大を防ぎ、必要な通報と回収を行う。」は正しい。,○,正しい。危険物の流出時は、拡大防止、通報、回収などの応急措置が重要である。,法令・制度,TF-L-130;L-204;LAW-036;事故時対応;災害発生時の応急措置;基礎,消防法令：事故時対応,公開前確認待ち
TF-L-131,危険物火災で避難が必要な場合の対応として、適切なものについて、「周囲に知らせ、通報し、安全を確保して避難する。」は正しい。,○,正しい。危険物火災では、通報、避難、初期対応、周囲への注意喚起が重要である。,法令・制度,TF-L-131;L-221;LAW-036;事故時対応;災害発生時の応急措置;基礎,消防法令：事故時対応,公開前確認待ち
TF-L-132,保安距離の目的として、最も適切なものについて、「火災や爆発時の影響を周囲の施設へ及ぼしにくくするためである。」は正しい。,○,正しい。保安距離は、火災や爆発などの事故が周囲に及ぼす影響を抑えるため、一定の対象物との距離を確保する考え方である。,法令・制度,TF-L-132;L-033;LAW-037;位置の基準;保安距離;基礎,危険物の規制に関する政令：位置の基準,公開前確認待ち
TF-L-133,保安距離が問題となる主な理由として、最も適切なものについて、「危険物の色を統一するため」は正しい。,×,誤り。色の統一ではない、保安距離は、危険物施設で火災や爆発が起きた場合に周囲への影響を小さくするための位置基準である。,法令・制度,TF-L-133;L-070;LAW-037;位置の基準;保安距離;標準,危険物の規制に関する政令：保安距離,公開前確認待ち
TF-L-134,保安距離と保有空地の整理について、「保安距離は周囲の保安対象物との距離、保有空地は施設周囲に確保する空地である。」は正しい。,○,正しい。保安距離は周囲の保安対象物との距離、保有空地は施設周囲に確保する空地であり、目的や位置づけが異なる。,法令・制度,TF-L-134;L-144;LAW-037;位置の基準;保安距離;標準,危険物の規制に関する政令：位置の基準,公開前確認待ち
TF-L-135,保安距離の対象となる考え方として近いものについて、「容器の色の違い」は正しい。,×,誤り。容器色ではない、保安距離は、周囲の保安対象物との安全上必要な距離に関係する。,法令・制度,TF-L-135;L-185;LAW-037;位置の基準;保安距離;標準,危険物の規制に関する政令：保安距離,公開前確認待ち
TF-L-136,保安距離が必要となる考え方として、最も適切なものについて、「火災・爆発時の周囲への影響を小さくするため。」は正しい。,○,正しい。保安距離は、危険物施設で火災・爆発が起きた場合に周囲への影響を小さくするための基準である。,法令・制度,TF-L-136;L-222;LAW-037;位置の基準;保安距離;標準,危険物の規制に関する政令：保安距離,公開前確認待ち
TF-L-137,保有空地の目的として、最も適切なものについて、「危険物を自由に投棄するためである。」は正しい。,×,誤り。危険物を投棄するためではない、保有空地は、火災時の延焼防止や消火活動のため、危険物施設の周囲に確保する空地である。,法令・制度,TF-L-137;L-034;LAW-038;位置の基準;保有空地;基礎,危険物の規制に関する政令：位置の基準,公開前確認待ち
TF-L-138,保有空地について、正しい説明について、「危険物施設の周囲に確保する空地で、延焼防止や消火活動に関係する。」は正しい。,○,正しい。保有空地は、危険物施設の周囲に確保する空地で、延焼防止や消火活動のために重要である。,法令・制度,TF-L-138;L-071;LAW-038;位置の基準;保有空地;標準,危険物の規制に関する政令：保有空地,公開前確認待ち
TF-L-139,保有空地を確保する目的について、「延焼防止や消火活動のため。」は正しい。,○,正しい。保有空地は、延焼防止や消火活動のために施設周囲に確保する空地である。,法令・制度,TF-L-139;L-186;LAW-038;位置の基準;保有空地;標準,危険物の規制に関する政令：保有空地,公開前確認待ち
TF-L-140,保有空地の説明について、「施設周囲に確保する空地で、延焼防止や消火活動に関係する。」は正しい。,○,正しい。保有空地は、危険物施設の周囲に確保する空地で、延焼防止や消火活動に関係する。,法令・制度,TF-L-140;L-223;LAW-038;位置の基準;保有空地;標準,危険物の規制に関する政令：保有空地,公開前確認待ち
TF-L-141,製造所等の標識・掲示板について、「法令に基づき、製造所等には標識や掲示板の設置が求められる場合がある。」は正しい。,○,正しい。製造所等では、危険物施設であることや注意事項を示すため、標識や掲示板の設置が求められる場合がある。,法令・制度,TF-L-141;L-018;LAW-039;標識・掲示板;標識・掲示板の設置;基礎,危険物の規制に関する政令・規則：標識・掲示板,公開前確認待ち
TF-L-142,危険物施設に標識や掲示板を設ける目的として、適切なものについて、「施設の種類や危険物の性質、注意事項を明示するため。」は正しい。,○,正しい。標識や掲示板は、施設の種類、危険物の性質、注意事項などを明示し、安全管理に役立てるために設けられる。,法令・制度,TF-L-142;L-103;LAW-039;標識・掲示板;標識・掲示板の設置;基礎,危険物の規制に関する規則：標識・掲示板,公開前確認待ち
TF-L-143,標識・掲示板の役割として、適切なものについて、「危険物施設であることや注意事項を示す役割がある。」は正しい。,○,正しい。標識・掲示板は、危険物施設であることや危険物の性質、注意事項を示す役割がある。,法令・制度,TF-L-143;L-145;LAW-039;標識・掲示板;標識・掲示板の設置;基礎,危険物の規制に関する規則：標識・掲示板,公開前確認待ち
TF-L-144,危険物施設の掲示板に表示される注意事項として、適切なものについて、「火気厳禁」は正しい。,○,正しい。危険物施設では、取り扱う危険物の性質に応じて、火気厳禁などの注意事項を掲示することがある。,法令・制度,TF-L-144;L-035;LAW-040;標識・掲示板;掲示内容・注意事項;基礎,危険物の規制に関する規則：標識・掲示板,公開前確認待ち
TF-L-145,第4類危険物を取り扱う施設の掲示内容として、適切なものについて、「水中保管必須」は正しい。,×,誤り。すべて水中保管するものではない、第4類危険物は引火性液体であり、火気を避けることが重要であるため、火気厳禁などの注意事項が関係する。,法令・制度,TF-L-145;L-072;LAW-040;標識・掲示板;掲示内容・注意事項;基礎,危険物の規制に関する規則：掲示板,公開前確認待ち
TF-L-146,第4類危険物施設の注意事項として自然なものについて、「下水放流可」は正しい。,×,誤り。下水へ流してはならない、第4類危険物は引火性液体であり、火気厳禁が重要である。,法令・制度,TF-L-146;L-187;LAW-040;標識・掲示板;掲示内容・注意事項;基礎,危険物の規制に関する規則：掲示板,公開前確認待ち
TF-L-147,危険物施設の消火設備について、「製造所等には、危険物の性質や施設の状況に応じた消火設備が求められる場合がある。」は正しい。,○,正しい。危険物施設では、危険物の性質や施設の状況に応じた消火設備が必要となる場合がある、水だけで足りるとは限らない。,法令・制度,TF-L-147;L-019;LAW-041;消火設備;消火設備の区分・設置;基礎,危険物の規制に関する政令・規則：消火設備,公開前確認待ち
TF-L-148,危険物施設に設置する消火設備について、「危険物施設では、必ず水だけで消火できる。」は正しい。,×,誤り。水だけでよいとは限らない、危険物施設では、危険物の種類や施設の規模・状況に応じて、必要な消火設備が定められる場合がある。,法令・制度,TF-L-148;L-073;LAW-041;消火設備;消火設備の区分・設置;標準,危険物の規制に関する政令・規則：消火設備,公開前確認待ち
TF-L-149,消火設備と警報設備の違いについて、「消火設備は消火に、警報設備は異常の知らせに関係する。」は正しい。,○,正しい。消火設備は火災の消火に関係し、警報設備は火災等の異常を知らせる設備である。,法令・制度,TF-L-149;L-124;LAW-041;消火設備;消火設備の区分・設置;基礎,危険物の規制に関する規則：消火設備・警報設備,公開前確認待ち
TF-L-150,危険物施設の消火設備を考える際に重要な観点について、「免状番号で選ぶこと。」は正しい。,×,誤り。免状番号ではない、消火設備は、危険物の性質や施設の規模などに応じて考える必要がある。,法令・制度,TF-L-150;L-205;LAW-041;消火設備;消火設備の区分・設置;標準,危険物の規制に関する規則：消火設備,公開前確認待ち
TF-L-151,警報設備の役割として、最も適切なものについて、「火災などの異常を知らせ、避難や初期対応につなげる。」は正しい。,○,正しい。警報設備は、火災などの異常を知らせ、避難や初期対応につなげるための設備である。,法令・制度,TF-L-151;L-074;LAW-042;警報設備等;警報設備・避難設備;基礎,危険物の規制に関する規則：警報設備,公開前確認待ち
TF-L-152,避難設備の役割として、適切なものについて、「危険物取扱者免状を印刷する設備である。」は正しい。,×,誤り。免状印刷設備ではない、避難設備は、火災等の際に安全な避難を助けるための設備である。,法令・制度,TF-L-152;L-104;LAW-042;警報設備等;警報設備・避難設備;基礎,危険物の規制に関する規則：避難設備,公開前確認待ち
TF-L-153,火災を知らせる設備として最も適切なものについて、「免状設備」は正しい。,×,誤り。免状設備という分類ではない、警報設備は、火災などの異常を知らせるための設備である。,法令・制度,TF-L-153;L-224;LAW-042;警報設備等;警報設備・避難設備;基礎,危険物の規制に関する規則：警報設備,公開前確認待ち
TF-L-154,屋内貯蔵所について、「危険物を建築物内で貯蔵する貯蔵所の一種である。」は正しい。,○,正しい。屋内貯蔵所は、危険物を建築物内で貯蔵する貯蔵所の一種で、移動タンク貯蔵所や給油取扱所とは異なる。,法令・制度,TF-L-154;L-036;LAW-043;貯蔵所基準;屋内貯蔵所の基準;基礎,危険物の規制に関する政令：屋内貯蔵所,公開前確認待ち
TF-L-155,屋内貯蔵所と屋内タンク貯蔵所の違いについて、「どちらも第6類危険物だけを扱う施設である。」は正しい。,×,誤り。第6類だけではない、屋内貯蔵所と屋内タンク貯蔵所は名称が似ているが、施設の形態が異なる。,法令・制度,TF-L-155;L-125;LAW-043;貯蔵所基準;屋内貯蔵所の基準;基礎,危険物の規制に関する政令：貯蔵所,公開前確認待ち
TF-L-156,屋内貯蔵所の説明について、「自動車に給油する取扱所である。」は正しい。,×,誤り。給油取扱所で、屋内貯蔵所は、建築物内で危険物を貯蔵する貯蔵所である。,法令・制度,TF-L-156;L-206;LAW-043;貯蔵所基準;屋内貯蔵所の基準;基礎,危険物の規制に関する政令：屋内貯蔵所,公開前確認待ち
TF-L-157,屋外貯蔵所について、「屋外で一定の危険物を貯蔵する貯蔵所の一種である。」は正しい。,○,正しい。屋外貯蔵所は、屋外で危険物を貯蔵する貯蔵所の一種で、給油取扱所や移送取扱所とは異なる。,法令・制度,TF-L-157;L-058;LAW-044;貯蔵所基準;屋外貯蔵所の基準;基礎,危険物の規制に関する政令：屋外貯蔵所,公開前確認待ち
TF-L-158,屋外貯蔵所と屋外タンク貯蔵所の違いについて、「どちらも販売取扱所の別名である。」は正しい。,×,誤り。販売取扱所ではない、屋外貯蔵所と屋外タンク貯蔵所は、いずれも貯蔵所だが、施設形態が異なる。,法令・制度,TF-L-158;L-126;LAW-044;貯蔵所基準;屋外貯蔵所の基準;基礎,危険物の規制に関する政令：貯蔵所,公開前確認待ち
TF-L-159,屋内タンク貯蔵所について、「屋内に設置したタンクで危険物を貯蔵する貯蔵所である。」は正しい。,○,正しい。屋内タンク貯蔵所は、屋内に設置されたタンクで危険物を貯蔵する貯蔵所である。,法令・制度,TF-L-159;L-059;LAW-045;貯蔵所基準;屋内タンク貯蔵所の基準;基礎,危険物の規制に関する政令：屋内タンク貯蔵所,公開前確認待ち
TF-L-160,屋外タンク貯蔵所について、「危険物の燃焼範囲を表す単位である。」は正しい。,×,誤り。燃焼範囲の単位ではない、屋外タンク貯蔵所は、屋外に設置されたタンクで危険物を貯蔵する貯蔵所である。,法令・制度,TF-L-160;L-060;LAW-046;貯蔵所基準;屋外タンク貯蔵所の基準;基礎,危険物の規制に関する政令：屋外タンク貯蔵所,公開前確認待ち
TF-L-161,地下タンク貯蔵所について、「移送取扱所の別名である。」は正しい。,×,誤り。移送取扱所ではない、地下タンク貯蔵所は、地盤面下に設置されたタンクで危険物を貯蔵する貯蔵所である。,法令・制度,TF-L-161;L-061;LAW-047;貯蔵所基準;地下タンク貯蔵所の基準;基礎,危険物の規制に関する政令：地下タンク貯蔵所,公開前確認待ち
TF-L-162,地下タンク貯蔵所で特に注意すべき事項として、適切なものについて、「危険物を地中に自由に放出する。」は正しい。,×,誤り。危険物を放出してはならない、地下タンク貯蔵所では、地下に設置されたタンクからの漏えい発見や防止が重要である。,法令・制度,TF-L-162;L-127;LAW-047;貯蔵所基準;地下タンク貯蔵所の基準;標準,危険物の規制に関する政令：地下タンク貯蔵所,公開前確認待ち
TF-L-163,地下タンク貯蔵所で漏えい管理が重要な理由として、適切なものについて、「火気使用が推奨されるため。」は正しい。,×,誤り。火気使用は危険である、地下タンク貯蔵所では、地下に設置されたタンクからの漏えい発見や防止が重要である。,法令・制度,TF-L-163;L-225;LAW-047;貯蔵所基準;地下タンク貯蔵所の基準;標準,危険物の規制に関する政令：地下タンク貯蔵所,公開前確認待ち
TF-L-164,簡易タンク貯蔵所について、「簡易タンクで危険物を貯蔵する貯蔵所の一種である。」は正しい。,○,正しい。簡易タンク貯蔵所は、簡易タンクで危険物を貯蔵する貯蔵所の一種である。,法令・制度,TF-L-164;L-062;LAW-048;貯蔵所基準;簡易タンク貯蔵所の基準;基礎,危険物の規制に関する政令：簡易タンク貯蔵所,公開前確認待ち
TF-L-165,移動タンク貯蔵所について、「固定給油設備により自動車へ給油する取扱所である。」は正しい。,×,誤り。給油取扱所の説明で、移動タンク貯蔵所は、タンクローリーのように車両に固定されたタンクで危険物を移送する貯蔵所である。,法令・制度,TF-L-165;L-037;LAW-049;貯蔵所基準;移動タンク貯蔵所の基準;基礎,危険物の規制に関する政令：移動タンク貯蔵所,公開前確認待ち
TF-L-166,「移動タンク貯蔵所の説明として、誤っているものはどれか。」という問いに対して、「常に給油取扱所に分類される。」を選ぶのは正しい。,○,誤り。移動タンク貯蔵所は給油取扱所ではなく貯蔵所で、移動タンク貯蔵所は貯蔵所の一種であり、給油取扱所ではない。,法令・制度,TF-L-166;L-105;LAW-049;貯蔵所基準;移動タンク貯蔵所の基準;標準,危険物の規制に関する政令：移動タンク貯蔵所,公開前確認待ち
TF-L-167,移動タンク貯蔵所の代表例として、最も近いものについて、「タンクローリー」は正しい。,○,正しい。移動タンク貯蔵所は、車両に固定されたタンクで危険物を移送する施設であり、タンクローリーが代表的なイメージである。,法令・制度,TF-L-167;L-207;LAW-049;貯蔵所基準;移動タンク貯蔵所の基準;標準,危険物の規制に関する政令：移動タンク貯蔵所,公開前確認待ち
TF-L-168,給油取扱所について、「危険物取扱者免状を交付する行政機関である。」は正しい。,×,誤り。給油取扱所は、自動車等へ給油するための取扱所であり、貯蔵所や免状交付機関ではない。,法令・制度,TF-L-168;L-038;LAW-050;取扱所基準;給油取扱所の基準;基礎,危険物の規制に関する政令：給油取扱所,公開前確認待ち
TF-L-169,給油取扱所で特に注意すべき事項として、適切なものについて、「火気管理、漏えい防止、静電気対策に注意する。」は正しい。,○,正しい。給油取扱所ではガソリン等の第4類危険物を扱うため、火気管理、漏えい防止、静電気対策が重要である。,法令・制度,TF-L-169;L-106;LAW-050;取扱所基準;給油取扱所の基準;基礎,危険物の規制に関する政令：給油取扱所,公開前確認待ち
TF-L-170,給油取扱所に該当する施設として最も近いものについて、「危険物取扱者試験会場」は正しい。,×,誤り。試験会場ではない、給油取扱所の代表的なイメージはガソリンスタンドである。,法令・制度,TF-L-170;L-208;LAW-050;取扱所基準;給油取扱所の基準;基礎,危険物の規制に関する政令：給油取扱所,公開前確認待ち
TF-L-171,給油取扱所で喫煙が危険な理由として、適切なものについて、「火気が可燃性蒸気の点火源となるおそれがあるため。」は正しい。,○,正しい。給油取扱所ではガソリン等の可燃性蒸気が発生するおそれがあり、喫煙などの火気は点火源となるため危険である。,法令・制度,TF-L-171;L-226;LAW-050;取扱所基準;給油取扱所の基準;基礎,危険物の規制に関する政令：給油取扱所,公開前確認待ち
TF-L-172,顧客に自ら給油等をさせる給油取扱所について、「火気を使用しながら給油することが推奨される。」は正しい。,×,誤り。給油時の火気使用は危険である、セルフ式給油取扱所では、顧客が自ら給油等を行うため、安全確保のための設備や監視体制などが重要となる。,法令・制度,TF-L-172;L-039;LAW-051;取扱所基準;セルフ式給油取扱所の基準;標準,危険物の規制に関する規則：顧客に自ら給油等をさせる給油取扱所,公開前確認待ち
TF-L-173,セルフ式給油取扱所の管理について、適切なものについて、「顧客の給油状況を監視し、安全確保を行う。」は正しい。,○,正しい。セルフ式給油取扱所では、顧客が自ら給油するため、監視や安全確保が重要である。,法令・制度,TF-L-173;L-107;LAW-051;取扱所基準;セルフ式給油取扱所の基準;標準,危険物の規制に関する規則：セルフ式給油取扱所,公開前確認待ち
TF-L-174,販売取扱所について、「容器入りの危険物を販売する取扱所である。」は正しい。,○,正しい。販売取扱所は、容器入りの危険物を販売する取扱所で、移動タンク貯蔵所や屋外タンク貯蔵所とは異なる。,法令・制度,TF-L-174;L-040;LAW-052;取扱所基準;販売取扱所の基準;基礎,危険物の規制に関する政令：販売取扱所,公開前確認待ち
TF-L-175,販売取扱所に関する説明について、「容器入り危険物を販売する取扱所である。」は正しい。,○,正しい。販売取扱所は、容器入りの危険物を販売する取扱所である。,法令・制度,TF-L-175;L-128;LAW-052;取扱所基準;販売取扱所の基準;基礎,危険物の規制に関する政令：販売取扱所,公開前確認待ち
TF-L-176,移送取扱所について、「配管などにより危険物を移送する取扱所である。」は正しい。,○,正しい。移送取扱所は、配管などにより危険物を移送する取扱所で、移動タンク貯蔵所とは異なる。,法令・制度,TF-L-176;L-041;LAW-053;取扱所基準;移送取扱所の基準;基礎,危険物の規制に関する政令：移送取扱所,公開前確認待ち
TF-L-177,移送取扱所と移動タンク貯蔵所の違いについて、「移送取扱所は配管等による移送、移動タンク貯蔵所は車両に固定されたタンクによる移送に関係する。」は正しい。,○,正しい。移送取扱所は配管等による危険物の移送、移動タンク貯蔵所は車両に固定されたタンクによる危険物の移送に関係する、両者は区別する。,法令・制度,TF-L-177;L-108;LAW-053;取扱所基準;移送取扱所の基準;標準,危険物の規制に関する政令：移送取扱所・移動タンク貯蔵所,公開前確認待ち
TF-L-178,配管により危険物を移送する施設について、「移動タンク貯蔵所」は正しい。,×,誤り。車両固定タンクによる貯蔵所である、配管などにより危険物を移送する施設は移送取扱所である。,法令・制度,TF-L-178;L-227;LAW-053;取扱所基準;移送取扱所の基準;基礎,危険物の規制に関する政令：移送取扱所,公開前確認待ち
TF-L-179,一般取扱所について、「給油取扱所、販売取扱所、移送取扱所以外で、危険物を取り扱う取扱所の一種である。」は正しい。,○,正しい。一般取扱所は、給油取扱所、販売取扱所、移送取扱所以外で危険物を取り扱う取扱所の一種である。,法令・制度,TF-L-179;L-057;LAW-054;取扱所基準;一般取扱所の基準;基礎,危険物の規制に関する政令：一般取扱所,公開前確認待ち
TF-L-180,一般取扱所に該当するものとして、最も適切なものについて、「危険物の指定数量を表示する表」は正しい。,×,誤り。指定数量表ではない、一般取扱所は、給油取扱所、販売取扱所、移送取扱所以外で危険物を取り扱う取扱所である。,法令・制度,TF-L-180;L-109;LAW-054;取扱所基準;一般取扱所の基準;基礎,危険物の規制に関する政令：一般取扱所,公開前確認待ち
TF-L-181,危険物の運搬について、適切でないものについて、「危険物の性質によっては、混載に注意する必要がある。」は正しい。,×,危険物の運搬では、容器、収納、積載方法などに基準がある。,法令・制度,TF-L-181;L-005;LAW-055;運搬;運搬容器・収納・積載方法;標準,危険物の規制に関する政令・規則の運搬基準,公開前確認待ち
TF-L-182,危険物の運搬容器について、「危険物の性質に応じた容器を用い、漏れや破損を防ぐ必要がある。」は正しい。,○,正しい。危険物の運搬では、危険物の性質に応じた容器を用い、漏れ、破損、転倒などを防止する必要がある。,法令・制度,TF-L-182;L-075;LAW-055;運搬;運搬容器・収納・積載方法;標準,危険物の規制に関する規則：運搬容器,公開前確認待ち
TF-L-183,危険物の積載方法として、適切な説明について、「容器を破損させやすいように積載する。」は正しい。,×,誤り。破損を防ぐ必要がある、危険物の運搬では、容器の転倒、落下、破損、漏れを防ぐように積載する必要がある。,法令・制度,TF-L-183;L-146;LAW-055;運搬;運搬容器・収納・積載方法;標準,危険物の規制に関する規則：運搬,公開前確認待ち
TF-L-184,危険物の運搬容器で重要な性能として、適切なものについて、「漏れや破損を防ぐこと。」は正しい。,○,正しい。危険物の運搬容器では、漏れや破損を防ぐことが重要である。,法令・制度,TF-L-184;L-209;LAW-055;運搬;運搬容器・収納・積載方法;標準,危険物の規制に関する規則：運搬容器,公開前確認待ち
TF-L-185,危険物運搬時に容器を固定する目的について、「可燃性蒸気を増やすため。」は正しい。,×,誤り。蒸気を増やすのは危険である、危険物運搬時には、容器の転倒、落下、破損、漏えいを防ぐことが重要である。,法令・制度,TF-L-185;L-228;LAW-055;運搬;運搬容器・収納・積載方法;基礎,危険物の規制に関する規則：運搬,公開前確認待ち
TF-L-186,危険物の運搬について、適切なものについて、「危険物の性質に応じて、表示、積載、混載などの基準に従う。」は正しい。,○,正しい。危険物の運搬では、危険物の性質に応じた表示、積載方法、混載制限などが問題となる、漏えい、火気、混載には注意が必要である。,法令・制度,TF-L-186;L-042;LAW-056;運搬;運搬時の表示・混載制限;標準,危険物の規制に関する政令・規則：運搬,公開前確認待ち
TF-L-187,危険物の混載について、「危険物の性質によっては、混載に制限がある。」は正しい。,○,正しい。危険物の運搬では、危険物の性質に応じて混載制限が問題となる場合がある。,法令・制度,TF-L-187;L-076;LAW-056;運搬;運搬時の表示・混載制限;標準,危険物の規制に関する規則：混載制限,公開前確認待ち
TF-L-188,危険物運搬時の表示に関する説明について、「危険物の種類や数量等に応じた表示が求められる場合がある。」は正しい。,○,正しい。危険物の運搬では、危険物の種類や数量等に応じて表示が求められる場合がある。,法令・制度,TF-L-188;L-147;LAW-056;運搬;運搬時の表示・混載制限;標準,危険物の規制に関する規則：運搬表示,公開前確認待ち
TF-L-189,運搬中の混載制限について、「第4類では常に無関係である。」は正しい。,×,誤り。第4類でも関係し得る、危険物の運搬では、危険物の性質に応じて混載が制限される場合がある。,法令・制度,TF-L-189;L-188;LAW-056;運搬;運搬時の表示・混載制限;標準,危険物の規制に関する規則：混載制限,公開前確認待ち
TF-L-190,移動タンク貯蔵所による危険物の移送について、適切なものについて、「移送中は、危険物の漏えいや火気に注意し、安全な方法で移送する。」は正しい。,○,正しい。移動タンク貯蔵所による移送では、漏えい、火気、静電気などに注意し、安全な方法で移送する必要がある。,法令・制度,TF-L-190;L-043;LAW-057;移送;移動タンク貯蔵所による移送基準;標準,危険物の規制に関する政令・規則：移送,公開前確認待ち
TF-L-191,移動タンク貯蔵所で危険物を移送する場合の注意として、適切なものについて、「移送中の漏えい、火気、静電気に注意する。」は正しい。,○,正しい。移動タンク貯蔵所で危険物を移送する場合、漏えい、火気、静電気などに注意して安全に移送する必要がある。,法令・制度,TF-L-191;L-077;LAW-057;移送;移動タンク貯蔵所による移送基準;標準,危険物の規制に関する政令・規則：移送,公開前確認待ち
TF-L-192,移動タンク貯蔵所の移送中事故で、適切な対応について、「可燃性蒸気をためるため換気を避ける。」は正しい。,×,誤り。可燃性蒸気をためてはならない、移送中の事故では、漏えい拡大防止、火気厳禁、通報などの対応が重要である。,法令・制度,TF-L-192;L-148;LAW-057;移送;移動タンク貯蔵所による移送基準;標準,危険物の規制に関する規則：移送,公開前確認待ち
TF-L-193,危険物の貯蔵または取扱いについて、適切なものについて、「危険物の性質に応じて、火気、漏えい、混触などに注意して取り扱う。」は正しい。,○,正しい。危険物はその性質に応じて、火気、漏えい、混触、温度管理などに注意して貯蔵・取扱いを行う必要がある。,法令・制度,TF-L-193;L-020;LAW-058;貯蔵・取扱基準;危険物の貯蔵・取扱いの共通基準;基礎,危険物の規制に関する政令・規則：貯蔵・取扱基準,公開前確認待ち
TF-L-194,危険物の貯蔵・取扱いについて、適切なものについて、「危険物の性質に応じて、火気、温度、漏えい、混触に注意する。」は正しい。,○,正しい。危険物はその性質に応じて、火気、温度、漏えい、混触などに注意して貯蔵・取扱いを行う必要がある。,法令・制度,TF-L-194;L-078;LAW-058;貯蔵・取扱基準;危険物の貯蔵・取扱いの共通基準;基礎,危険物の規制に関する政令・規則：貯蔵取扱基準,公開前確認待ち
TF-L-195,「危険物の貯蔵・取扱いで不適切なものはどれか。」という問いに対して、「換気。」を選ぶのは正しい。,×,誤り。換気は必要である、危険物の性質を無視して混触させると、火災や反応の危険がある、火気管理、漏えい防止、換気、温度管理は重要な対策である。,法令・制度,TF-L-195;L-149;LAW-058;貯蔵・取扱基準;危険物の貯蔵・取扱いの共通基準;基礎,危険物の規制に関する政令・規則：貯蔵取扱基準,公開前確認待ち
TF-L-196,危険物の貯蔵で適切な考え方について、「危険物の性質に応じて温度、火気、漏えいに注意する。」は正しい。,○,正しい。危険物は性質に応じ、温度、火気、漏えい、換気などに注意して貯蔵する。,法令・制度,TF-L-196;L-189;LAW-058;貯蔵・取扱基準;危険物の貯蔵・取扱いの共通基準;基礎,危険物の規制に関する政令・規則：貯蔵取扱基準,公開前確認待ち
TF-L-197,第4類危険物の容器を開放したまま放置することが不適切な理由について、「危険物が不燃性になるため。」は正しい。,×,誤り。不燃性にはならない、第4類危険物の容器を開放すると可燃性蒸気が発生・滞留しやすくなり、引火危険が高まる。,法令・制度,TF-L-197;L-229;LAW-058;貯蔵・取扱基準;危険物の貯蔵・取扱いの共通基準;基礎,危険物の規制に関する政令・規則：貯蔵取扱基準,公開前確認待ち
TF-L-198,第4類危険物を取り扱う場所での火災予防として、適切なものについて、「可燃性蒸気を確認するため、裸火を近づける。」は正しい。,×,誤り。裸火を近づけるのは危険で、第4類危険物では、火気を遠ざけ、静電気、漏えい、換気に注意することが火災予防上重要である。,法令・制度,TF-L-198;L-063;LAW-059;火災予防;火気・静電気・漏えい防止;基礎,第4類危険物の火災予防,公開前確認待ち
TF-L-199,「第4類危険物を扱う場所で避けるべき行為として、適切なものはどれか。」という問いに対して、「裸火の使用」を選ぶのは正しい。,○,正しい。第4類危険物を扱う場所では、可燃性蒸気への引火を避けるため、裸火の使用を避ける必要がある。,法令・制度,TF-L-199;L-129;LAW-059;火災予防;火気・静電気・漏えい防止;基礎,第4類危険物の火災予防,公開前確認待ち
TF-L-200,危険物施設の法令違反等に対する行政上の措置として、あり得るものについて、「施設名を自由に変更できるだけである。」は正しい。,×,誤り。施設名変更だけの問題ではない、危険物施設が法令に適合しない場合などには、使用停止命令などの行政上の措置が行われる場合がある。,法令・制度,TF-L-200;L-044;LAW-060;行政措置;命令・許可取消し・使用停止;標準,消防法：命令・使用停止等,公開前確認待ち
TF-L-201,製造所等が法令上の基準に適合しない場合の措置として、あり得るものについて、「使用停止命令などの行政措置」は正しい。,○,正しい。製造所等が法令に適合しない場合などには、使用停止命令などの行政上の措置が行われる場合がある。,法令・制度,TF-L-201;L-064;LAW-060;行政措置;命令・許可取消し・使用停止;標準,消防法：行政措置,公開前確認待ち
TF-L-202,危険物に関する法令の説明として、最も適切なものについて、「指定数量、製造所等、危険物取扱者制度は、いずれも危険物の安全な取扱いに関係する。」は正しい。,○,正しい。指定数量、製造所等、危険物取扱者制度はいずれも危険物の安全な取扱い、貯蔵、管理に関係する法令上の重要論点である。,法令・制度,TF-L-202;L-045;LAW-061;総合問題;法令分野の複合・ひっかけ問題;標準,危険物法令総合,公開前確認待ち
TF-L-203,危険物施設に関する説明について、「製造所等とは、危険物取扱者試験の問題用紙だけをいう。」は正しい。,×,誤り。試験問題用紙ではない、製造所等は、製造所、貯蔵所、取扱所の総称で、給油取扱所は取扱所、屋外タンク貯蔵所は貯蔵所である。,法令・制度,TF-L-203;L-065;LAW-061;総合問題;法令分野の複合・ひっかけ問題;標準,危険物法令総合,公開前確認待ち
TF-L-204,「危険物法令に関する説明として、誤っているものはどれか。」という問いに対して、「指定数量は危険物ごとに定められている。」を選ぶのは正しい。,×,正しい。乙種第4類免状で取り扱えるのは第4類危険物であり、すべての類の危険物を取り扱えるわけではない。,法令・制度,TF-L-204;L-085;LAW-061;総合問題;法令分野の複合・ひっかけ問題;標準,危険物法令総合,公開前確認待ち
TF-L-205,危険物法令の説明について、「施設の許可、取扱者の資格、指定数量はそれぞれ別の論点である。」は正しい。,○,正しい。危険物法令では、施設の許可、取扱者の資格、指定数量などを別々の論点として整理する必要がある。,法令・制度,TF-L-205;L-110;LAW-061;総合問題;法令分野の複合・ひっかけ問題;標準,危険物法令総合,公開前確認待ち
TF-L-206,危険物法令の学習で、特に区別すべき組合せとして適切なものについて、「標識の大きさと食品表示」は正しい。,×,誤り。食品表示とは別である、製造所等の許可は施設に関する制度、危険物取扱者免状は人の資格に関する制度であり、区別して理解する必要がある。,法令・制度,TF-L-206;L-130;LAW-061;総合問題;法令分野の複合・ひっかけ問題;標準,危険物法令総合,公開前確認待ち
TF-L-207,危険物法令の全体像として、最も適切なものについて、「施設区分と危険物の類別は完全に同じものである。」は正しい。,×,誤り。施設区分と危険物類別は別である、危険物法令では、指定数量、製造所等の施設区分、危険物取扱者免状、保安管理制度を分けて理解することが重要である。,法令・制度,TF-L-207;L-150;LAW-061;総合問題;法令分野の複合・ひっかけ問題;標準,危険物法令総合,公開前確認待ち
TF-L-208,「法令分野の整理として誤っているものはどれか。」という問いに対して、「製造所等には貯蔵所や取扱所が含まれる。」を選ぶのは正しい。,×,正しい。危険物取扱者免状は人の資格であり、施設そのものの設置許可ではない。,法令・制度,TF-L-208;L-190;LAW-061;総合問題;法令分野の複合・ひっかけ問題;標準,危険物法令総合,公開前確認待ち
TF-L-209,法令分野で『人に関する制度』として最も適切なものについて、「屋内貯蔵所と給油取扱所」は正しい。,×,誤り。施設区分である、危険物取扱者免状と保安講習は、人や資格・教育に関する制度である。,法令・制度,TF-L-209;L-210;LAW-061;総合問題;法令分野の複合・ひっかけ問題;標準,危険物法令総合,公開前確認待ち
TF-L-210,法令分野の整理について、「施設区分、指定数量、資格制度、保安管理を分けて整理する。」は正しい。,○,正しい。危険物法令では、施設区分、指定数量、資格制度、保安管理を分けて整理する必要がある。,法令・制度,TF-L-210;L-230;LAW-061;総合問題;法令分野の複合・ひっかけ問題;標準,危険物法令総合,公開前確認待ち
TF-L-211,法令分野で『施設の安全確保』に直接関係する組合せについて、「水溶性・pH・濃度」は正しい。,×,誤り。化学分野の語である、設置許可、完成検査、定期点検はいずれも施設の安全確保に関係する。,法令・制度,TF-L-211;L-231;LAW-061;総合問題;法令分野の複合・ひっかけ問題;標準,危険物法令総合,公開前確認待ち
TF-PC-001,燃焼が起こるために必要な三要素の組合せについて、「可燃物・水・窒素」は正しい。,×,誤り。水と窒素は燃焼を成立させる要素ではない、燃焼には、可燃物、酸素供給源、点火源が必要である、消火では、これらのいずれかを取り除くことが基本になる。,物性・化学,TF-PC-001;PC-001;PC-001;燃焼;燃焼の三要素;基礎,基礎的な物理学及び基礎的な化学：燃焼の基礎,公開前確認待ち
TF-PC-002,燃焼の三要素から点火源を取り除くことによる効果について、「燃焼の成立を防ぎやすくなる。」は正しい。,○,正しい。燃焼には可燃物、酸素供給源、点火源が必要である。,物性・化学,TF-PC-002;PC-055;PC-001;燃焼;燃焼の三要素;基礎,基礎的な物理学及び基礎的な化学：燃焼,公開前確認待ち
TF-PC-003,燃焼の成立に必要な要素として、正しい組合せについて、「指定数量・保有空地・受験票」は正しい。,×,誤り。法令や試験の語である、燃焼には、可燃物、酸素供給源、点火源が必要である。,物性・化学,TF-PC-003;PC-098;PC-001;燃焼;燃焼の三要素;基礎,基礎的な物理学及び基礎的な化学：燃焼,公開前確認待ち
TF-PC-004,燃焼の連鎖反応について、「水に溶ける速さだけを表す反応である。」は正しい。,×,誤り。溶解速度ではない、燃焼の連鎖反応は、燃焼が継続する過程に関係する考え方である、抑制消火はこの連鎖反応を抑えることに関係する。,物性・化学,TF-PC-004;PC-058;PC-002;燃焼;燃焼の継続・連鎖反応の考え方;標準,基礎的な物理学及び基礎的な化学：燃焼,公開前確認待ち
TF-PC-005,燃焼の連鎖反応を断つことと関係が深い消火の考え方について、「抑制消火」は正しい。,○,正しい。燃焼の連鎖反応を抑える消火は抑制消火である。,物性・化学,TF-PC-005;PC-113;PC-002;燃焼;燃焼の継続・連鎖反応の考え方;標準,基礎的な物理学及び基礎的な化学：燃焼,公開前確認待ち
TF-PC-006,不完全燃焼について、「酸素が不足しているときに起こりやすく、一酸化炭素などを発生することがある。」は正しい。,○,正しい。不完全燃焼は酸素不足の状態で起こりやすく、一酸化炭素やすすを生じることがある、一酸化炭素は有毒である。,物性・化学,TF-PC-006;PC-002;PC-003;燃焼;完全燃焼と不完全燃焼;基礎,基礎的な物理学及び基礎的な化学：燃焼,公開前確認待ち
TF-PC-007,不完全燃焼で発生しやすい有毒な気体として代表的なものについて、「窒素」は正しい。,×,誤り。空気中に多い気体である、不完全燃焼では一酸化炭素が発生しやすく、有毒である。,物性・化学,TF-PC-007;PC-114;PC-003;燃焼;完全燃焼・不完全燃焼;基礎,基礎的な物理学及び基礎的な化学：燃焼,公開前確認待ち
TF-PC-008,完全燃焼に近い状態として、適切なものについて、「液体が固体になる現象。」は正しい。,×,誤り。凝固である、完全燃焼では酸素が十分に供給され、二酸化炭素などを生じる。,物性・化学,TF-PC-008;PC-128;PC-003;燃焼;完全燃焼・不完全燃焼;基礎,基礎的な物理学及び基礎的な化学：燃焼,公開前確認待ち
TF-PC-009,燃焼と酸素濃度について、「酸素の供給が不足すると燃焼しにくくなる。」は正しい。,○,正しい。燃焼には酸素供給源が必要であり、酸素の供給が不足すると燃焼しにくくなる。,物性・化学,TF-PC-009;PC-056;PC-004;燃焼;酸素濃度と燃焼;基礎,基礎的な物理学及び基礎的な化学：燃焼,公開前確認待ち
TF-PC-010,酸素の供給が十分でない場合の燃焼について、一般に正しいものについて、「燃焼しにくくなったり、不完全燃焼になったりする。」は正しい。,○,正しい。酸素供給が不十分だと、燃焼しにくくなったり、不完全燃焼になったりする。,物性・化学,TF-PC-010;PC-115;PC-004;燃焼;酸素濃度と燃焼;基礎,基礎的な物理学及び基礎的な化学：燃焼,公開前確認待ち
TF-PC-011,点火源として適切なものについて、「水」は正しい。,×,誤り。水は通常点火源ではない、火花は点火源となり得る、第4類危険物では、火花や静電気などの着火源に注意が必要である。,物性・化学,TF-PC-011;PC-059;PC-005;燃焼;可燃物・酸素供給源・点火源;基礎,基礎的な物理学及び基礎的な化学：燃焼,公開前確認待ち
TF-PC-012,燃焼の三要素から可燃物を取り除く消火方法について、「中和消火」は正しい。,×,誤り。一般的な消火方式ではない、可燃物を取り除くことで燃焼を止める方法は除去消火である。,物性・化学,TF-PC-012;PC-129;PC-005;燃焼;可燃物・酸素供給源・点火源;基礎,基礎的な物理学及び基礎的な化学：消火,公開前確認待ち
TF-PC-013,引火点の説明について、「物質の密度がゼロになる温度をいう。」は正しい。,×,誤り。密度がゼロになる温度ではない、引火点は、液体が可燃性蒸気を発生し、火源により引火する最低温度である、乙4では引火性液体の危険性を考えるうえで重要である。,物性・化学,TF-PC-013;PC-011;PC-006;燃焼;引火・発火・自然発火の違い;基礎,基礎的な物理学及び基礎的な化学：引火点,公開前確認待ち
TF-PC-014,引火と発火の違いについて、「引火は火源により燃え始めること、発火は火源なしで燃え始めることをいう。」は正しい。,○,正しい。引火は火源により可燃性蒸気などが燃え始めること、発火は火源がなくても燃え始めることをいう。,物性・化学,TF-PC-014;PC-068;PC-006;燃焼;引火・発火・自然発火の違い;標準,基礎的な物理学及び基礎的な化学：引火・発火,公開前確認待ち
TF-PC-015,火源を近づけたときに可燃性蒸気が燃え始める現象として、最も適切なものについて、「引火」は正しい。,○,正しい。火源を近づけたときに可燃性蒸気が燃え始める現象は引火である。,物性・化学,TF-PC-015;PC-083;PC-006;燃焼;引火・発火・自然発火の違い;標準,基礎的な物理学及び基礎的な化学：引火,公開前確認待ち
TF-PC-016,火源なしで物質が燃え始める最低温度を何というかについて、「引火点」は正しい。,×,誤り。火源で引火する最低温度である、火源なしで物質が燃え始める最低温度は発火点である。,物性・化学,TF-PC-016;PC-099;PC-006;燃焼;引火・発火・自然発火の違い;標準,基礎的な物理学及び基礎的な化学：発火点,公開前確認待ち
TF-PC-017,外部火源がなくても、酸化熱の蓄積などで燃え始める現象について、「融解」は正しい。,×,誤り。固体が液体になる現象である、外部火源なしで、酸化熱の蓄積などにより燃え始める現象は自然発火である。,物性・化学,TF-PC-017;PC-116;PC-006;燃焼;引火・発火・自然発火の違い;標準,基礎的な物理学及び基礎的な化学：自然発火,公開前確認待ち
TF-PC-018,引火点について、正しい説明について、「火源を近づけたときに可燃性蒸気が引火する最低温度である。」は正しい。,○,正しい。引火点は、火源を近づけたときに可燃性蒸気が引火する最低温度である。,物性・化学,TF-PC-018;PC-130;PC-006;燃焼;引火・発火・自然発火の違い;標準,基礎的な物理学及び基礎的な化学：引火点,公開前確認待ち
TF-PC-019,燃焼範囲について、「燃焼範囲は、物質の色だけで決まる。」は正しい。,×,誤り。物質の色だけで決まるものではない、燃焼範囲は、可燃性蒸気や可燃性ガスと空気の混合気が燃焼できる濃度範囲である、濃度が低すぎても高すぎても燃焼しにくい。,物性・化学,TF-PC-019;PC-012;PC-007;燃焼;燃焼範囲・爆発範囲;標準,基礎的な物理学及び基礎的な化学：燃焼範囲,公開前確認待ち
TF-PC-020,燃焼範囲の上限界について、「水に沈むかどうかの境界である。」は正しい。,×,誤り。比重ではない、燃焼範囲の上限界は、可燃性蒸気の濃度がこれより高いと酸素不足などにより燃焼しにくい限界濃度である。,物性・化学,TF-PC-020;PC-069;PC-007;燃焼;燃焼範囲・爆発範囲;標準,基礎的な物理学及び基礎的な化学：燃焼範囲,公開前確認待ち
TF-PC-021,可燃性蒸気の濃度が燃焼範囲より低い場合について、「一般に薄すぎて燃焼しにくい。」は正しい。,○,正しい。可燃性蒸気の濃度が燃焼範囲より低い場合、一般に薄すぎて燃焼しにくい。,物性・化学,TF-PC-021;PC-084;PC-007;燃焼;燃焼範囲・爆発範囲;標準,基礎的な物理学及び基礎的な化学：燃焼範囲,公開前確認待ち
TF-PC-022,燃焼範囲の下限界について、「可燃性蒸気の濃度がこれより低いと、一般に燃焼しにくい濃度をいう。」は正しい。,○,正しい。燃焼範囲の下限界は、可燃性蒸気やガスの濃度がこれより低いと燃焼しにくい限界濃度である。,物性・化学,TF-PC-022;PC-016;PC-008;燃焼;下限界・上限界;標準,基礎的な物理学及び基礎的な化学：燃焼範囲,公開前確認待ち
TF-PC-023,可燃性蒸気の濃度が燃焼範囲より高い場合について、「一般に濃すぎて燃焼しにくい。」は正しい。,○,正しい。可燃性蒸気の濃度が燃焼範囲より高い場合、酸素不足などにより一般に燃焼しにくい。,物性・化学,TF-PC-023;PC-100;PC-008;燃焼;下限界・上限界;標準,基礎的な物理学及び基礎的な化学：燃焼範囲,公開前確認待ち
TF-PC-024,燃焼範囲の下限界を下回る混合気について、「可燃性蒸気が薄すぎて燃焼しにくい。」は正しい。,○,正しい。燃焼範囲の下限界を下回ると、可燃性蒸気が薄すぎて燃焼しにくい。,物性・化学,TF-PC-024;PC-131;PC-008;燃焼;下限界・上限界;標準,基礎的な物理学及び基礎的な化学：燃焼範囲,公開前確認待ち
TF-PC-025,可燃性蒸気と空気の混合について、「一定の濃度範囲にあると引火・燃焼の危険がある。」は正しい。,○,正しい。可燃性蒸気と空気の混合気は、燃焼範囲内にあると引火・燃焼の危険がある。,物性・化学,TF-PC-025;PC-060;PC-009;燃焼;可燃性蒸気と空気の混合;標準,基礎的な物理学及び基礎的な化学：燃焼範囲,公開前確認待ち
TF-PC-026,可燃性蒸気が燃焼範囲内で空気と混ざった状態について、「点火源があれば燃焼・爆発のおそれがある。」は正しい。,○,正しい。可燃性蒸気と空気の混合気が燃焼範囲内にある場合、点火源があれば燃焼・爆発のおそれがある。,物性・化学,TF-PC-026;PC-117;PC-009;燃焼;可燃性蒸気と空気の混合;標準,基礎的な物理学及び基礎的な化学：燃焼範囲,公開前確認待ち
TF-PC-027,自然発火について、「蒸気比重が1になることである。」は正しい。,×,誤り。蒸気比重とは別である、自然発火は、外部から直接火源を与えなくても、酸化熱の蓄積などにより発火する現象である。,物性・化学,TF-PC-027;PC-070;PC-010;燃焼;自然発火;標準,基礎的な物理学及び基礎的な化学：自然発火,公開前確認待ち
TF-PC-028,油を含んだ布の自然発火と関係が深いものについて、「酸化熱の蓄積」は正しい。,○,正しい。油を含んだ布では、酸化による発熱が蓄積して自然発火することがある。,物性・化学,TF-PC-028;PC-085;PC-010;燃焼;自然発火;標準,基礎的な物理学及び基礎的な化学：自然発火,公開前確認待ち
TF-PC-029,除去消火の説明について、「可燃物を取り除いて燃焼を止める方法である。」は正しい。,○,正しい。除去消火は、燃焼している可燃物または周囲の可燃物を取り除くことで燃焼を止める方法である。,物性・化学,TF-PC-029;PC-017;PC-011;消火;除去消火;基礎,基礎的な物理学及び基礎的な化学：消火,公開前確認待ち
TF-PC-030,除去消火の例として、適切なものについて、「火花を増やす。」は正しい。,×,誤り。火花は危険である、除去消火は、燃焼に必要な可燃物を取り除く消火方法である。,物性・化学,TF-PC-030;PC-101;PC-011;消火;除去消火;基礎,基礎的な物理学及び基礎的な化学：消火,公開前確認待ち
TF-PC-031,可燃物を取り除いて燃焼を止める方法について、「除去消火」は正しい。,○,正しい。可燃物を取り除くことで燃焼を止める方法は除去消火である。,物性・化学,TF-PC-031;PC-118;PC-011;消火;除去消火;基礎,基礎的な物理学及び基礎的な化学：消火,公開前確認待ち
TF-PC-032,窒息消火の説明について、「酸素の供給を断って燃焼を止める方法である。」は正しい。,○,正しい。窒息消火は、酸素の供給を断つことで燃焼を止める方法である、泡消火剤や二酸化炭素消火剤は窒息効果を利用する。,物性・化学,TF-PC-032;PC-003;PC-012;消火;窒息消火;基礎,基礎的な物理学及び基礎的な化学：消火,公開前確認待ち
TF-PC-033,窒息消火の例として、適切なものについて、「泡で液面を覆う。」は正しい。,○,正しい。泡で液面を覆うと、酸素の供給や可燃性蒸気の発生を抑える効果があり、窒息消火に関係する。,物性・化学,TF-PC-033;PC-071;PC-012;消火;窒息消火;基礎,基礎的な物理学及び基礎的な化学：消火,公開前確認待ち
TF-PC-034,酸素の供給を断って燃焼を止める消火方法について、「除去消火」は正しい。,×,誤り。可燃物を取り除く方法である、酸素の供給を断つことで燃焼を止める方法は窒息消火である。,物性・化学,TF-PC-034;PC-086;PC-012;消火;窒息消火;基礎,基礎的な物理学及び基礎的な化学：消火,公開前確認待ち
TF-PC-035,冷却消火の説明について、「静電気を発生させて燃焼を止める方法である。」は正しい。,×,誤り。静電気は着火源となり得る、冷却消火は、燃焼している物質の温度を下げ、燃焼を継続できない状態にする消火方法である。,物性・化学,TF-PC-035;PC-018;PC-013;消火;冷却消火;基礎,基礎的な物理学及び基礎的な化学：消火,公開前確認待ち
TF-PC-036,冷却消火の例として、適切なものについて、「火花を発生させる。」は正しい。,×,誤り。火花は危険である、水で燃焼物の温度を下げることは、冷却消火の代表的な考え方である。,物性・化学,TF-PC-036;PC-072;PC-013;消火;冷却消火;基礎,基礎的な物理学及び基礎的な化学：消火,公開前確認待ち
TF-PC-037,燃焼物の温度を下げることを主なねらいとする消火方法について、「混触消火」は正しい。,×,誤り。混触は危険である、燃焼物の温度を下げることで燃焼を止める方法は冷却消火である。,物性・化学,TF-PC-037;PC-087;PC-013;消火;冷却消火;基礎,基礎的な物理学及び基礎的な化学：消火,公開前確認待ち
TF-PC-038,抑制消火について、「水に溶かして密度を測る方法である。」は正しい。,×,誤り。密度測定ではない、抑制消火は、燃焼の連鎖反応を抑えることで消火する方法であり、負触媒効果とも関連する。,物性・化学,TF-PC-038;PC-019;PC-014;消火;抑制消火・負触媒効果;標準,基礎的な物理学及び基礎的な化学：抑制消火,公開前確認待ち
TF-PC-039,燃焼の連鎖反応を抑える消火方法について、「除去消火」は正しい。,×,誤り。可燃物を取り除く方法である、抑制消火は、燃焼の連鎖反応を抑えることで消火する方法である。,物性・化学,TF-PC-039;PC-102;PC-014;消火;抑制消火・負触媒効果;標準,基礎的な物理学及び基礎的な化学：消火,公開前確認待ち
TF-PC-040,粉末消火剤の消火効果として関係が深いものについて、「燃焼の連鎖反応を抑える効果」は正しい。,○,正しい。粉末消火剤は、燃焼の連鎖反応を抑える効果などにより消火する。,物性・化学,TF-PC-040;PC-132;PC-014;消火;抑制消火・負触媒効果;標準,基礎的な物理学及び基礎的な化学：消火剤,公開前確認待ち
TF-PC-041,水による消火の主な効果について、「冷却効果」は正しい。,○,正しい。水による消火では、燃焼物の温度を下げる冷却効果が重要である、ただし、第4類危険物では水による消火が適さない場合がある。,物性・化学,TF-PC-041;PC-057;PC-015;消火;水による消火の特徴;標準,基礎的な物理学及び基礎的な化学：消火,公開前確認待ち
TF-PC-042,水が冷却消火に有効な理由として、最も適切なものについて、「燃焼物の温度を下げるため。」は正しい。,○,正しい。水は燃焼物の温度を下げる冷却効果をもつ。,物性・化学,TF-PC-042;PC-119;PC-015;消火;水による消火の特徴;標準,基礎的な物理学及び基礎的な化学：消火,公開前確認待ち
TF-PC-043,泡消火剤の主な作用について、「液面を覆い、可燃性蒸気の発生や空気との接触を抑える。」は正しい。,○,正しい。泡消火剤は液面を覆い、可燃性蒸気の発生や空気との接触を抑えることで消火に役立つ。,物性・化学,TF-PC-043;PC-061;PC-016;消火;泡・二酸化炭素・粉末消火剤の基本作用;標準,基礎的な物理学及び基礎的な化学：消火剤,公開前確認待ち
TF-PC-044,温度と熱量の説明について、「温度は熱さ冷たさの程度、熱量は熱のエネルギー量を表す。」は正しい。,○,正しい。温度は熱さ冷たさの程度を表し、熱量は移動・蓄積される熱エネルギーの量を表す。,物性・化学,TF-PC-044;PC-045;PC-017;熱;温度と熱量;基礎,基礎的な物理学：熱,公開前確認待ち
TF-PC-045,熱量の単位として使われるものについて、「m」は正しい。,×,誤り。長さの単位である、熱量の単位にはJが使われる。,物性・化学,TF-PC-045;PC-103;PC-017;熱;温度と熱量;基礎,基礎的な物理学：熱量,公開前確認待ち
TF-PC-046,温度の説明として、最も適切なものについて、「体積を質量で割った値である。」は正しい。,×,誤り。密度の逆に近い、温度は、物体の熱さ冷たさの程度を表す。,物性・化学,TF-PC-046;PC-133;PC-017;熱;温度と熱量;基礎,基礎的な物理学：温度,公開前確認待ち
TF-PC-047,比熱について、「物質の色の濃さを表す。」は正しい。,×,誤り。色の濃さを表すものではない、比熱は、物質1 gの温度を1 ℃上げるのに必要な熱量を表す値である。,物性・化学,TF-PC-047;PC-013;PC-018;熱;比熱;基礎,基礎的な物理学：比熱,公開前確認待ち
TF-PC-048,比熱が大きい物質について、一般に正しいものについて、「温度を上げるのに多くの熱量が必要である。」は正しい。,○,正しい。比熱が大きい物質は、同じ質量で同じ温度だけ上げるのに多くの熱量が必要である。,物性・化学,TF-PC-048;PC-063;PC-018;熱;比熱;標準,基礎的な物理学：比熱,公開前確認待ち
TF-PC-049,同じ質量で同じ温度だけ上げるとき、比熱が小さい物質について一般に正しいものについて、「必要な熱量が少ない。」は正しい。,○,正しい。比熱が小さい物質は、同じ質量で同じ温度だけ上げるのに必要な熱量が少ない。,物性・化学,TF-PC-049;PC-104;PC-018;熱;比熱;標準,基礎的な物理学：比熱,公開前確認待ち
TF-PC-050,熱容量について、「液体が火源で引火する最低温度である。」は正しい。,×,誤り。引火点の説明である、熱容量は、物体全体の温度を1 ℃上げるのに必要な熱量である、物質1 gあたりの場合は比熱である。,物性・化学,TF-PC-050;PC-046;PC-019;熱;熱容量;基礎,基礎的な物理学：熱容量,公開前確認待ち
TF-PC-051,熱容量が大きい物体について、一般に正しいものについて、「温度を1 ℃上げるのに多くの熱量が必要である。」は正しい。,○,正しい。熱容量が大きい物体は、温度を1 ℃上げるのに多くの熱量が必要である。,物性・化学,TF-PC-051;PC-120;PC-019;熱;熱容量;標準,基礎的な物理学：熱容量,公開前確認待ち
TF-PC-052,熱の伝わり方について、「熱伝導・対流・放射はいずれも熱の移動とは無関係である。」は正しい。,×,誤り。いずれも熱の移動に関係する、熱の伝わり方には、熱伝導、対流、放射がある、熱伝導は物質内を熱が伝わる現象であり、対流は流体の移動、放射は電磁波による熱の移動である。,物性・化学,TF-PC-052;PC-006;PC-020;熱;熱伝導・対流・放射;基礎,基礎的な物理学：熱の移動,公開前確認待ち
TF-PC-053,対流による熱の伝わり方について、「液体や気体の移動により熱が運ばれる。」は正しい。,○,正しい。対流は、液体や気体などの流体の移動によって熱が運ばれる現象である。,物性・化学,TF-PC-053;PC-073;PC-020;熱;熱伝導・対流・放射;基礎,基礎的な物理学：熱移動,公開前確認待ち
TF-PC-054,放射による熱の伝わり方について、「液体の流れだけで熱が伝わる。」は正しい。,×,誤り。対流の説明に近い、放射は、電磁波により熱が伝わる現象であり、真空中でも伝わる。,物性・化学,TF-PC-054;PC-074;PC-020;熱;熱伝導・対流・放射;基礎,基礎的な物理学：熱移動,公開前確認待ち
TF-PC-055,固体内部を熱が伝わる現象として、最も適切なものについて、「熱伝導」は正しい。,○,正しい。固体内部を熱が伝わる現象は熱伝導である。,物性・化学,TF-PC-055;PC-088;PC-020;熱;熱伝導・対流・放射;基礎,基礎的な物理学：熱移動,公開前確認待ち
TF-PC-056,液体や気体の移動によって熱が運ばれる現象について、「対流」は正しい。,○,正しい。液体や気体などの流体の移動によって熱が運ばれる現象は対流である。,物性・化学,TF-PC-056;PC-105;PC-020;熱;熱伝導・対流・放射;基礎,基礎的な物理学：熱移動,公開前確認待ち
TF-PC-057,熱膨張について、「物体が危険物取扱者免状に変わる現象である。」は正しい。,×,誤り。免状にはならない、熱膨張は、物体が温度上昇により膨張する現象である、容器や配管の管理にも関係する基礎知識である。,物性・化学,TF-PC-057;PC-047;PC-021;熱;熱膨張;基礎,基礎的な物理学：熱膨張,公開前確認待ち
TF-PC-058,温度上昇により物体の体積が増える現象として、適切なものについて、「熱膨張」は正しい。,○,正しい。温度上昇によって物体の体積が増える現象は熱膨張である。,物性・化学,TF-PC-058;PC-121;PC-021;熱;熱膨張;基礎,基礎的な物理学：熱膨張,公開前確認待ち
TF-PC-059,潜熱について、「物体の色を変える熱だけをいう。」は正しい。,×,誤り。色を変える熱ではない、潜熱は、融解や蒸発などの状態変化に伴って出入りする熱であり、温度変化として現れにくい。,物性・化学,TF-PC-059;PC-048;PC-022;熱;潜熱・顕熱;標準,基礎的な物理学：潜熱,公開前確認待ち
TF-PC-060,氷が水に変わるときに出入りする熱として、関係が深いものについて、「潜熱」は正しい。,○,正しい。融解などの状態変化に伴って出入りする熱は潜熱である。,物性・化学,TF-PC-060;PC-134;PC-022;熱;潜熱・顕熱;標準,基礎的な物理学：潜熱,公開前確認待ち
TF-PC-061,物質の三態として、正しい組合せについて、「固体・液体・気体」は正しい。,○,正しい。物質の三態は、固体、液体、気体である、酸性・中性・アルカリ性はpHに関する分類である。,物性・化学,TF-PC-061;PC-040;PC-023;物質の状態;固体・液体・気体;基礎,基礎的な物理学：物質の状態,公開前確認待ち
TF-PC-062,気体の特徴として、一般に正しいものについて、「一定の形や体積を保ちにくく、容器全体に広がる。」は正しい。,○,正しい。気体は、一定の形や体積を保ちにくく、容器全体に広がる性質がある。,物性・化学,TF-PC-062;PC-075;PC-023;物質の状態;固体・液体・気体;基礎,基礎的な物理学：物質の状態,公開前確認待ち
TF-PC-063,液体の一般的な特徴について、「必ず水に溶ける。」は正しい。,×,誤り。水に溶けない液体もある、液体は、体積はほぼ一定だが、形は容器に応じて変わる。,物性・化学,TF-PC-063;PC-089;PC-023;物質の状態;固体・液体・気体;基礎,基礎的な物理学：物質の状態,公開前確認待ち
TF-PC-064,沸点について、「液体が沸騰し始める温度である。」は正しい。,○,正しい。沸点は、液体が沸騰し始める温度で、引火点や発火点とは異なる。,物性・化学,TF-PC-064;PC-020;PC-024;物質の状態;融点・沸点;基礎,基礎的な物理学：沸点,公開前確認待ち
TF-PC-065,融点について、「固体が液体になり始める温度である。」は正しい。,○,正しい。融点は、固体が液体になり始める温度で、沸点、引火点、発火点とは異なる。,物性・化学,TF-PC-065;PC-076;PC-024;物質の状態;融点・沸点;基礎,基礎的な物理学：融点,公開前確認待ち
TF-PC-066,液体が気体になり始める温度を何というかについて、「凝固点」は正しい。,×,誤り。液体が固体になる温度である、液体が沸騰して気体になり始める温度を沸点という。,物性・化学,TF-PC-066;PC-090;PC-024;物質の状態;融点・沸点;基礎,基礎的な物理学：沸点,公開前確認待ち
TF-PC-067,液体が固体になり始める温度を何というかについて、「凝固点」は正しい。,○,正しい。液体が固体になり始める温度は凝固点である。,物性・化学,TF-PC-067;PC-106;PC-024;物質の状態;融点・沸点;基礎,基礎的な物理学：凝固点,公開前確認待ち
TF-PC-068,固体が液体になり始める温度を何というかについて、「融点」は正しい。,○,正しい。固体が液体になり始める温度は融点である。,物性・化学,TF-PC-068;PC-135;PC-024;物質の状態;融点・沸点;基礎,基礎的な物理学：融点,公開前確認待ち
TF-PC-069,蒸発について、「液体の表面から気体になる現象である。」は正しい。,○,正しい。蒸発は、液体の表面から気体になる現象である、引火性液体では、蒸発により可燃性蒸気が発生する点が重要である。,物性・化学,TF-PC-069;PC-021;PC-025;物質の状態;蒸発・沸騰;基礎,基礎的な物理学：蒸発,公開前確認待ち
TF-PC-070,蒸気圧について、「蒸気圧が高い液体は、絶対に引火しない。」は正しい。,×,誤り。蒸気圧が高い液体は可燃性蒸気を発生しやすい場合がある、蒸気圧が高い液体は、一般に蒸発しやすく、可燃性蒸気を発生しやすい、引火性液体の危険性を理解するうえで重要である。,物性・化学,TF-PC-070;PC-004;PC-026;物質の状態;蒸気圧;標準,基礎的な物理学及び基礎的な化学：物質の状態,公開前確認待ち
TF-PC-071,蒸気圧が高い液体について、一般に正しいものについて、「必ず酸素を放出する。」は正しい。,×,誤り。酸素放出とは別である、蒸気圧が高い液体は、一般に蒸発しやすい傾向がある、第4類危険物では可燃性蒸気の発生に注意する。,物性・化学,TF-PC-071;PC-062;PC-026;物質の状態;蒸気圧;標準,基礎的な物理学：蒸気圧,公開前確認待ち
TF-PC-072,蒸気圧が高い液体の傾向について、「蒸発しやすい。」は正しい。,○,正しい。蒸気圧が高い液体は、一般に蒸発しやすい傾向がある。,物性・化学,TF-PC-072;PC-091;PC-026;物質の状態;蒸気圧;標準,基礎的な物理学：蒸気圧,公開前確認待ち
TF-PC-073,蒸気圧の高い液体を取り扱う際、特に注意すべきものについて、「免状の自動更新」は正しい。,×,誤り。免状とは関係ない、蒸気圧が高い液体は蒸発しやすく、可燃性蒸気の発生に注意が必要である。,物性・化学,TF-PC-073;PC-122;PC-026;物質の状態;蒸気圧;標準,基礎的な物理学：蒸気圧,公開前確認待ち
TF-PC-074,圧力と沸点の関係について、一般に正しいものについて、「外圧が高くなると、沸点は必ず0 ℃になる。」は正しい。,×,誤り。必ず0 ℃になるわけではない、一般に、外圧が低くなると液体の沸点は下がる傾向がある、沸騰は蒸気圧と外圧の関係で起こる。,物性・化学,TF-PC-074;PC-041;PC-027;物質の状態;沸点と圧力の関係;標準,基礎的な物理学：沸点と圧力,公開前確認待ち
TF-PC-075,標高が高い場所で水の沸点が下がる理由として、最も関係が深いものについて、「水の色が変わるため。」は正しい。,×,誤り。色の変化ではない、標高が高くなると外圧が低くなり、一般に水の沸点は下がる。,物性・化学,TF-PC-075;PC-077;PC-027;物質の状態;沸点と圧力の関係;標準,基礎的な物理学：沸点と圧力,公開前確認待ち
TF-PC-076,飽和蒸気圧について、「燃焼後に残る灰の重さである。」は正しい。,×,誤り。灰の重さではない、飽和蒸気圧は、一定温度で液体とその蒸気が平衡にあるときの蒸気の圧力である、蒸気圧が高いほど蒸発しやすい傾向がある。,物性・化学,TF-PC-076;PC-028;PC-028;物質の状態;飽和蒸気圧;標準,基礎的な物理学：蒸気圧,公開前確認待ち
TF-PC-077,密度の説明について、「密度は、温度に関係なくすべての物質で同じである。」は正しい。,×,誤り。密度は物質や温度によって異なる、密度は、単位体積あたりの質量を表す値であり、質量÷体積で求める。,物性・化学,TF-PC-077;PC-007;PC-029;密度・比重;密度;基礎,基礎的な物理学：密度,公開前確認待ち
TF-PC-078,同じ体積で質量が大きい物質について、密度はどうなるかについて、「大きくなる。」は正しい。,○,正しい。同じ体積で質量が大きいほど、密度は大きくなる、密度は質量を体積で割った値である。,物性・化学,TF-PC-078;PC-064;PC-029;密度・比重;密度;標準,基礎的な物理学：密度,公開前確認待ち
TF-PC-079,密度を求める式について、「質量÷体積」は正しい。,○,正しい。密度＝質量÷体積である、密度は質量を体積で割って求める。,物性・化学,TF-PC-079;PC-123;PC-029;密度・比重;密度;基礎,基礎的な物理学：密度,公開前確認待ち
TF-PC-080,液体の比重について、「物質が水に溶ける速さだけを表す値である。」は正しい。,×,誤り。溶ける速さだけを表すものではない、液体の比重は、通常、水を基準として物質の重さを比較する値である、比重が1より小さい液体は水に浮きやすい。,物性・化学,TF-PC-080;PC-022;PC-030;密度・比重;比重;基礎,基礎的な物理学：比重,公開前確認待ち
TF-PC-081,液体の比重が1より小さい場合、一般に水との関係はどうなるかについて、「水に浮きやすい。」は正しい。,○,正しい。液体の比重が1より小さい場合、一般に水に浮きやすい。,物性・化学,TF-PC-081;PC-092;PC-030;密度・比重;比重;基礎,基礎的な物理学：比重,公開前確認待ち
TF-PC-082,水を基準にした液体の重さの比を何というかについて、「蒸気比重」は正しい。,×,誤り。空気を基準にした蒸気の重さである、液比重は、水を基準にして液体の重さを比較する値である。,物性・化学,TF-PC-082;PC-107;PC-030;密度・比重;比重;基礎,基礎的な物理学：比重,公開前確認待ち
TF-PC-083,液比重が1より大きい液体について、一般に正しいものについて、「水より重く沈みやすい。」は正しい。,○,正しい。液比重が1より大きい液体は、水より重く沈みやすい。,物性・化学,TF-PC-083;PC-136;PC-030;密度・比重;比重;基礎,基礎的な物理学：比重,公開前確認待ち
TF-PC-084,水より比重が小さい液体について、一般に正しいものについて、「必ず酸素を放出する。」は正しい。,×,誤り。酸素を放出するとは限らない、液体の比重が水より小さい場合、その液体は水に浮きやすい、ただし、水に浮くことと水に溶けることは別の性質である。,物性・化学,TF-PC-084;PC-023;PC-031;密度・比重;液体の比重と水への浮沈;標準,基礎的な物理学：比重,公開前確認待ち
TF-PC-085,蒸気比重が空気より大きい可燃性蒸気の性質について、「低い場所に滞留しやすい。」は正しい。,○,正しい。蒸気比重が空気より大きい可燃性蒸気は、低所に滞留しやすく、火気や静電気による引火に注意が必要である。,物性・化学,TF-PC-085;PC-008;PC-032;密度・比重;蒸気比重;標準,基礎的な物理学：蒸気比重,公開前確認待ち
TF-PC-086,蒸気比重が1より大きい蒸気について、一般に正しいものについて、「必ず第1類危険物である。」は正しい。,×,誤り。第1類とは限らない、蒸気比重が1より大きい蒸気は、空気より重い、低所滞留に注意が必要である。,物性・化学,TF-PC-086;PC-065;PC-032;密度・比重;蒸気比重;標準,基礎的な物理学：蒸気比重,公開前確認待ち
TF-PC-087,空気を基準にした蒸気の重さの比を何というかについて、「液比重」は正しい。,×,誤り。液体を水基準で比べる値である、蒸気比重は、空気を基準にして蒸気の重さを比較する値である。,物性・化学,TF-PC-087;PC-108;PC-032;密度・比重;蒸気比重;標準,基礎的な物理学：蒸気比重,公開前確認待ち
TF-PC-088,蒸気比重が1より小さい蒸気について、一般に正しいものについて、「空気より軽い。」は正しい。,○,正しい。蒸気比重が1より小さい蒸気は、空気より軽い。,物性・化学,TF-PC-088;PC-137;PC-032;密度・比重;蒸気比重;標準,基礎的な物理学：蒸気比重,公開前確認待ち
TF-PC-089,静電気の発生に関係しやすいものについて、「危険物取扱者免状の交付」は正しい。,×,誤り。免状交付とは関係ない、静電気は、摩擦や流動、乾燥などにより発生しやすい、第4類危険物では着火源として注意が必要である。,物性・化学,TF-PC-089;PC-049;PC-033;静電気;静電気の発生;基礎,基礎的な物理学：静電気,公開前確認待ち
TF-PC-090,静電気の発生を抑える対策として、適切なものについて、「流速をむやみに速くする。」は正しい。,×,誤り。高速流動は帯電の原因になり得る、接地は静電気対策として重要であり、電荷を逃がす効果がある。,物性・化学,TF-PC-090;PC-093;PC-033;静電気;静電気の発生;基礎,基礎的な物理学：静電気,公開前確認待ち
TF-PC-091,液体を高速で配管に流すときに注意すべきものについて、「静電気の発生」は正しい。,○,正しい。液体の高速流動は静電気の発生に関係するため、接地などの対策が重要である。,物性・化学,TF-PC-091;PC-109;PC-033;静電気;静電気の発生;標準,基礎的な物理学：静電気,公開前確認待ち
TF-PC-092,静電気が第4類危険物で危険となる理由について、「可燃性蒸気への着火源となることがあるため。」は正しい。,○,正しい。静電気による火花は、可燃性蒸気への着火源となることがある、第4類危険物では重要な火災予防論点である。,物性・化学,TF-PC-092;PC-050;PC-034;静電気;静電気による引火危険;標準,基礎的な物理学：静電気,公開前確認待ち
TF-PC-093,静電気火花が危険となる理由について、「可燃性蒸気の点火源となることがあるため。」は正しい。,○,正しい。静電気火花は、可燃性蒸気の点火源となり得るため危険である。,物性・化学,TF-PC-093;PC-124;PC-034;静電気;静電気による引火危険;標準,基礎的な物理学：静電気,公開前確認待ち
TF-PC-094,静電気による災害を防ぐ方法として、最も適切なものについて、「容器や配管を接地する。」は正しい。,○,正しい。接地により電荷を逃がすことは、静電気対策として重要である。,物性・化学,TF-PC-094;PC-005;PC-035;静電気;静電気対策・接地;標準,基礎的な物理学及び基礎的な化学：静電気,公開前確認待ち
TF-PC-095,静電気が発生しやすい条件として、適切なものについて、「流動や摩擦をできるだけ抑える。」は正しい。,×,誤り。流動や摩擦を抑えることは帯電防止に役立つ、液体が高速で流動したり、摩擦が起こったり、乾燥していたりすると、静電気が発生しやすくなる。,物性・化学,TF-PC-095;PC-024;PC-036;静電気;流速・摩擦・乾燥と帯電;標準,基礎的な物理学：静電気,公開前確認待ち
TF-PC-096,分子について、「いくつかの原子が結びついてできた粒子である。」は正しい。,○,正しい。分子は、いくつかの原子が結びついてできた粒子である、水分子や酸素分子などが例である。,物性・化学,TF-PC-096;PC-025;PC-037;物質の構成;原子・分子;基礎,基礎的な化学：原子・分子,公開前確認待ち
TF-PC-097,化合物について、「危険物施設の標識の一種である。」は正しい。,×,誤り。標識ではない、化合物は、2種類以上の元素が化学的に結びついた物質である、1種類の元素だけからなるものは単体である。,物性・化学,TF-PC-097;PC-051;PC-038;物質の構成;元素と化合物;基礎,基礎的な化学：元素と化合物,公開前確認待ち
TF-PC-098,元素の説明について、「免状の有効期限である。」は正しい。,×,誤り。免状の有効期限ではない、元素は、物質を構成する基本的な成分である。,物性・化学,TF-PC-098;PC-138;PC-038;物質の構成;元素と化合物;基礎,基礎的な化学：元素,公開前確認待ち
TF-PC-099,混合物について、「必ず化学反応で新しい物質になる。」は正しい。,×,誤り。混じっただけでは必ず化学反応が起きるわけではない、混合物は、複数の物質が混じり合ったものである、化合物とは異なる。,物性・化学,TF-PC-099;PC-052;PC-039;物質の構成;単体・化合物・混合物;基礎,基礎的な化学：混合物,公開前確認待ち
TF-PC-100,単体の説明について、「複数の物質が混じり合ったものである。」は正しい。,×,誤り。混合物の説明である、単体は、1種類の元素からできている物質である。,物性・化学,TF-PC-100;PC-110;PC-039;物質の構成;単体・化合物・混合物;基礎,基礎的な化学：物質の構成,公開前確認待ち
TF-PC-101,イオンについて、「電気を帯びた原子または原子団である。」は正しい。,○,正しい。イオンは、電気を帯びた原子または原子団である、酸・アルカリや電気的性質の理解に関係する。,物性・化学,TF-PC-101;PC-053;PC-040;物質の構成;イオン;基礎,基礎的な化学：イオン,公開前確認待ち
TF-PC-102,プラスまたはマイナスの電気を帯びた粒子を何というかについて、「イオン」は正しい。,○,正しい。電気を帯びた原子または原子団をイオンという。,物性・化学,TF-PC-102;PC-125;PC-040;物質の構成;イオン;基礎,基礎的な化学：イオン,公開前確認待ち
TF-PC-103,化学変化に該当するものについて、「物質が燃焼して別の物質を生じる。」は正しい。,○,正しい。化学変化は、物質が反応して別の物質になる変化である。,物性・化学,TF-PC-103;PC-014;PC-041;化学反応;化学変化と物理変化;基礎,基礎的な化学：化学変化と物理変化,公開前確認待ち
TF-PC-104,物理変化に該当するものとして、適切なものについて、「氷が溶けて水になる。」は正しい。,○,正しい。氷が溶けて水になるのは状態変化であり、物理変化である、燃焼やさびは化学変化である。,物性・化学,TF-PC-104;PC-078;PC-041;化学反応;化学変化と物理変化;基礎,基礎的な化学：物理変化と化学変化,公開前確認待ち
TF-PC-105,化学変化の例として、適切なものについて、「氷が溶ける。」は正しい。,×,誤り。状態変化である、紙が燃えると別の物質を生じるため、化学変化である。,物性・化学,TF-PC-105;PC-094;PC-041;化学反応;化学変化と物理変化;基礎,基礎的な化学：化学変化,公開前確認待ち
TF-PC-106,化学変化の特徴について、「別の物質が生じる変化である。」は正しい。,○,正しい。化学変化は、反応によって別の物質が生じる変化である。,物性・化学,TF-PC-106;PC-139;PC-041;化学反応;化学変化と物理変化;基礎,基礎的な化学：化学変化,公開前確認待ち
TF-PC-107,化学反応式について、「物質の色だけを記録する表である。」は正しい。,×,誤り。色だけを記録する表ではない、化学反応式は、化学反応を化学式を用いて表したものである、反応前後の物質の関係を示す。,物性・化学,TF-PC-107;PC-026;PC-042;化学反応;化学反応式;基礎,基礎的な化学：化学反応式,公開前確認待ち
TF-PC-108,質量保存の法則について、「質量保存の法則は、色の変化だけを説明する法則である。」は正しい。,×,誤り。色の変化だけを説明する法則ではない、質量保存の法則は、化学反応の前後で反応に関わる物質全体の質量が保存されるという法則である。,物性・化学,TF-PC-108;PC-029;PC-043;化学反応;質量保存の法則;基礎,基礎的な化学：質量保存の法則,公開前確認待ち
TF-PC-109,発熱反応について、「反応に伴って熱を放出する反応である。」は正しい。,○,正しい。発熱反応は、反応に伴って熱を放出する反応である、燃焼は代表的な発熱反応である。,物性・化学,TF-PC-109;PC-030;PC-044;化学反応;発熱反応・吸熱反応;基礎,基礎的な化学：発熱反応,公開前確認待ち
TF-PC-110,酸化の説明について、「酸化とは、燃焼とはまったく関係のない現象である。」は正しい。,×,誤り。燃焼は酸化反応と関係が深い、酸化には、物質が酸素と化合する反応が含まれる、燃焼は急激な酸化反応として理解できる。,物性・化学,TF-PC-110;PC-009;PC-045;酸化・還元;酸化;基礎,基礎的な化学：酸化・燃焼,公開前確認待ち
TF-PC-111,燃焼と酸化の関係について、「燃焼は急激な酸化反応と考えられる。」は正しい。,○,正しい。燃焼は、熱や光を伴う急激な酸化反応として理解できる。,物性・化学,TF-PC-111;PC-079;PC-045;酸化・還元;酸化;基礎,基礎的な化学：燃焼と酸化,公開前確認待ち
TF-PC-112,物質が酸素と結びつく反応は、一般に何と呼ばれるかについて、「酸化」は正しい。,○,正しい。物質が酸素と結びつく反応は、酸化の一例である。,物性・化学,TF-PC-112;PC-095;PC-045;酸化・還元;酸化;基礎,基礎的な化学：酸化,公開前確認待ち
TF-PC-113,鉄がさびる反応と関係が深いものについて、「凝固」は正しい。,×,誤り。液体が固体になる現象である、鉄がさびる反応は酸化と関係が深い。,物性・化学,TF-PC-113;PC-111;PC-045;酸化・還元;酸化;基礎,基礎的な化学：酸化,公開前確認待ち
TF-PC-114,還元の説明について、「物質が酸素を失う反応は、還元の一例である。」は正しい。,○,正しい。還元には、物質が酸素を失う反応が含まれる。,物性・化学,TF-PC-114;PC-031;PC-046;酸化・還元;還元;基礎,基礎的な化学：還元,公開前確認待ち
TF-PC-115,酸化物から酸素を奪う反応として、一般に関係が深いものについて、「融解」は正しい。,×,誤り。固体が液体になる現象である、酸化物から酸素を奪う反応は還元と関係が深い。,物性・化学,TF-PC-115;PC-140;PC-046;酸化・還元;還元;基礎,基礎的な化学：還元,公開前確認待ち
TF-PC-116,酸化の説明として、適切なものについて、「電子を失う反応は酸化と考えられる。」は正しい。,○,正しい。酸化は、酸素との化合だけでなく、電子を失う反応としても説明される。,物性・化学,TF-PC-116;PC-032;PC-047;酸化・還元;酸素・水素・電子の授受;標準,基礎的な化学：酸化還元,公開前確認待ち
TF-PC-117,燃焼について、化学的に適切な説明について、「急激な酸化反応の一種として考えられる。」は正しい。,○,正しい。燃焼は、熱や光を伴う急激な酸化反応として考えられる。,物性・化学,TF-PC-117;PC-054;PC-048;酸化・還元;燃焼と酸化;基礎,基礎的な化学：燃焼と酸化,公開前確認待ち
TF-PC-118,酸の一般的な性質について、「水溶液中で水素イオンを生じるものがある。」は正しい。,○,正しい。酸は、水溶液中で水素イオンを生じるものとして説明される、pHは一般に7より小さいものが酸性を示す。,物性・化学,TF-PC-118;PC-042;PC-049;酸・アルカリ;酸の性質;基礎,基礎的な化学：酸,公開前確認待ち
TF-PC-119,酸性の水溶液について、一般に正しいものについて、「pHが7より大きいものだけをいう。」は正しい。,×,誤り。pH7超はアルカリ性である、酸性の水溶液は、一般にpHが7より小さい、pHが7より大きいものはアルカリ性である。,物性・化学,TF-PC-119;PC-080;PC-049;酸・アルカリ;酸の性質;基礎,基礎的な化学：酸,公開前確認待ち
TF-PC-120,酸性・中性・アルカリ性の基準として使われる指標について、「免状番号」は正しい。,×,誤り。資格証の番号である、pHは酸性・中性・アルカリ性の程度を示す指標である。,物性・化学,TF-PC-120;PC-096;PC-049;酸・アルカリ;酸の性質;基礎,基礎的な化学：pH,公開前確認待ち
TF-PC-121,アルカリ性の水溶液について、一般に正しいものについて、「必ず可燃性蒸気を発生する。」は正しい。,×,誤り。必ず可燃性蒸気を発生するわけではない、一般にpHが7より大きい水溶液はアルカリ性を示す。,物性・化学,TF-PC-121;PC-043;PC-050;酸・アルカリ;アルカリの性質;基礎,基礎的な化学：アルカリ,公開前確認待ち
TF-PC-122,中和反応について、「危険物の指定数量を計算する方法である。」は正しい。,×,誤り。指定数量計算ではない、中和反応は、酸とアルカリが互いの性質を打ち消し合う反応である。,物性・化学,TF-PC-122;PC-044;PC-051;酸・アルカリ;中和反応;基礎,基礎的な化学：中和,公開前確認待ち
TF-PC-123,酸とアルカリが互いの性質を打ち消し合う反応を何というかについて、「酸化」は正しい。,×,誤り。酸素との結合などである、酸とアルカリが互いの性質を打ち消し合う反応を中和という。,物性・化学,TF-PC-123;PC-126;PC-051;酸・アルカリ;中和反応;基礎,基礎的な化学：中和,公開前確認待ち
TF-PC-124,pHについて、「pHが7のものは、必ず強酸性である。」は正しい。,×,誤り。pH7付近は中性である、pHは酸性・中性・アルカリ性の程度を表す指標で、一般にpH7付近が中性、7より小さいと酸性、7より大きいとアルカリ性である。,物性・化学,TF-PC-124;PC-010;PC-052;酸・アルカリ;pH;基礎,基礎的な化学：酸・アルカリ,公開前確認待ち
TF-PC-125,pHが7より小さい水溶液について、一般に正しいものについて、「酸性を示す。」は正しい。,○,正しい。一般に、pHが7より小さい水溶液は酸性を示す、pH7付近は中性、7より大きいものはアルカリ性である。,物性・化学,TF-PC-125;PC-066;PC-052;酸・アルカリ;pH;基礎,基礎的な化学：pH,公開前確認待ち
TF-PC-126,pH7付近の水溶液について、一般に正しいものについて、「強酸性である。」は正しい。,×,誤り。pH7未満が酸性である、pH7付近は中性である、7より小さいと酸性、7より大きいとアルカリ性である。,物性・化学,TF-PC-126;PC-141;PC-052;酸・アルカリ;pH;基礎,基礎的な化学：pH,公開前確認待ち
TF-PC-127,有機化合物について、「一般に炭素を含む化合物が多い。」は正しい。,○,正しい。有機化合物は一般に炭素を含む化合物であり、第4類危険物には有機化合物が多い。,物性・化学,TF-PC-127;PC-033;PC-053;有機化合物;有機化合物の特徴;基礎,基礎的な化学：有機化合物,公開前確認待ち
TF-PC-128,炭化水素について、「金属だけからなる物質である。」は正しい。,×,誤り。金属だけではない、炭化水素は炭素と水素からなる化合物であり、ガソリンなどの理解に関係する基礎知識である。,物性・化学,TF-PC-128;PC-034;PC-054;有機化合物;炭化水素;基礎,基礎的な化学：炭化水素,公開前確認待ち
TF-PC-129,炭化水素の構成元素として、正しい組合せについて、「炭素と水素」は正しい。,○,正しい。炭化水素は、炭素と水素からなる化合物である。,物性・化学,TF-PC-129;PC-081;PC-054;有機化合物;炭化水素;基礎,基礎的な化学：炭化水素,公開前確認待ち
TF-PC-130,不飽和炭化水素について、「炭素原子間に二重結合や三重結合をもつものがある。」は正しい。,○,正しい。不飽和炭化水素には、炭素原子間に二重結合や三重結合をもつものがある。,物性・化学,TF-PC-130;PC-035;PC-055;有機化合物;飽和炭化水素・不飽和炭化水素;標準,基礎的な化学：炭化水素,公開前確認待ち
TF-PC-131,アルコール類に共通する特徴について、「すべて不燃性である。」は正しい。,×,誤り。引火危険があるものがある、アルコール類は、分子内にヒドロキシ基をもつ有機化合物であり、メタノールやエタノールが代表例である。,物性・化学,TF-PC-131;PC-036;PC-056;有機化合物;アルコール類の基礎;基礎,基礎的な化学：アルコール,公開前確認待ち
TF-PC-132,水溶性について、「必ず燃えない性質をいう。」は正しい。,×,誤り。水溶性でも引火危険があるものがある、水溶性とは、水に溶ける性質をいう、ただし、水に溶けることと燃えないことは同じではない。,物性・化学,TF-PC-132;PC-037;PC-057;有機化合物;水溶性・非水溶性の基礎;基礎,基礎的な化学：水溶性,公開前確認待ち
TF-PC-133,"質量800 g、体積1,000 cm³の液体の密度について、「1.25 g/cm³」は正しい。",×,"誤り。1,000÷800で計算した値である、密度は質量を体積で割って求める、800 g÷1,000 cm³＝0.8 g/cm³である。",物性・化学,TF-PC-133;PC-015;PC-058;計算問題;密度・質量・体積の計算;標準,基礎的な物理学：密度計算,公開前確認待ち
TF-PC-134,密度0.8 g/cm³の液体が500 cm³ある。この液体の質量について、「500 g」は正しい。,×,誤り。体積をそのまま質量にしている、質量は密度×体積で求める、0.8 g/cm³×500 cm³＝400 gである。,物性・化学,TF-PC-134;PC-067;PC-058;計算問題;密度・質量・体積の計算;標準,基礎的な物理学：密度計算,公開前確認待ち
TF-PC-135,密度0.75 g/cm³の液体が400 cm³ある。この液体の質量について、「533 g」は正しい。,×,誤り。400÷0.75の近似値である、質量は密度×体積で求める、0.75×400＝300 gである。,物性・化学,TF-PC-135;PC-097;PC-058;計算問題;密度・質量・体積の計算;標準,基礎的な物理学：密度計算,公開前確認待ち
TF-PC-136,質量600 g、体積750 cm³の液体の密度について、「0.8 g/cm³」は正しい。,○,正しい。600÷750＝0.8 g/cm³である、密度は質量÷体積である。,物性・化学,TF-PC-136;PC-127;PC-058;計算問題;密度・質量・体積の計算;標準,基礎的な物理学：密度計算,公開前確認待ち
TF-PC-137,ある液体500 cm³の質量が400 gであるとき、この液体の密度について、「500 g/cm³」は正しい。,×,誤り。質量で割っていない、密度は質量÷体積で求める、400 g÷500 cm³＝0.8 g/cm³である。,物性・化学,TF-PC-137;PC-038;PC-059;計算問題;比重の計算;標準,基礎的な物理学：密度計算,公開前確認待ち
TF-PC-138,水1 gの温度を1 ℃上げるのに必要な熱量を1 calとした場合、水100 gの温度を10 ℃上げるのに必要な熱量について、「100 cal」は正しい。,×,"誤り。温度上昇分を掛けていない、水1 gを1 ℃上げるのに1 cal必要とすると、水100 gを10 ℃上げるには100×10＝1,000 calが必要である。",物性・化学,TF-PC-138;PC-027;PC-060;計算問題;熱量の計算;標準,基礎的な物理学：熱量計算,公開前確認待ち
TF-PC-139,食塩20 gを水に溶かして全体を200 gの食塩水にした。この食塩水の質量パーセント濃度について、「50 %」は正しい。,×,誤り。溶質と溶液の比が違う、質量パーセント濃度は、溶質の質量÷溶液の質量×100で求める、20÷200×100＝10 %である。,物性・化学,TF-PC-139;PC-039;PC-061;計算問題;濃度の計算;標準,基礎的な化学：濃度計算,公開前確認待ち
TF-PC-140,溶質10 gを溶かして全体を100 gの溶液にした。この溶液の質量パーセント濃度について、「10 %」は正しい。,○,正しい。質量パーセント濃度は、溶質の質量÷溶液の質量×100で求める。,物性・化学,TF-PC-140;PC-082;PC-061;計算問題;濃度の計算;標準,基礎的な化学：濃度計算,公開前確認待ち
TF-PC-141,溶質15 gを溶かして全体を150 gの溶液にした。この質量パーセント濃度について、「10 %」は正しい。,○,正しい。15÷150×100＝10％である。,物性・化学,TF-PC-141;PC-112;PC-061;計算問題;濃度の計算;標準,基礎的な化学：濃度計算,公開前確認待ち
TF-PC-142,溶質20 gを溶かして全体を200 gの溶液にした。この質量パーセント濃度について、「10 %」は正しい。,○,正しい。20÷200×100＝10％である。,物性・化学,TF-PC-142;PC-142;PC-061;計算問題;濃度の計算;標準,基礎的な化学：濃度計算,公開前確認待ち
TF-PF-001,第4類危険物の一般的な性質について、「第4類危険物は、引火性液体である。」は正しい。,○,正しい。多くは可燃性蒸気を発生し、その蒸気に引火する危険がある。,火災・消火・漏えい,TF-PF-001;PF-001;PF-001;第4類共通性質;第4類危険物の共通性質;基礎,消防試験研究センター 乙種第4類の説明（https://www.shoubo-shiken.or.jp/kikenbutsu/）,公開前確認待ち
TF-PF-002,第4類危険物に共通する基本的な性質について、「可燃性固体である。」は正しい。,×,誤り。可燃性固体は第2類で、第4類危険物は引火性液体である。,火災・消火・漏えい,TF-PF-002;PF-059;PF-001;第4類共通性質;第4類危険物の共通性質;基礎,消防試験研究センター：乙種第4類,公開前確認待ち
TF-PF-003,第4類危険物の中心的な危険性として、適切なものについて、「可燃性蒸気への引火」は正しい。,○,正しい。第4類危険物は引火性液体であり、可燃性蒸気への引火が中心的な危険性である。,火災・消火・漏えい,TF-PF-003;PF-104;PF-001;第4類共通性質;第4類危険物の共通性質;基礎,第4類危険物の共通性質,公開前確認待ち
TF-PF-004,第4類危険物に該当する性状について、「酸化性液体」は正しい。,×,誤り。第6類で、第4類危険物は引火性液体である。,火災・消火・漏えい,TF-PF-004;PF-134;PF-001;第4類共通性質;第4類危険物の共通性質;基礎,消防試験研究センター：危険物分類,公開前確認待ち
TF-PF-005,引火性液体の危険性について、「すべて不燃性である。」は正しい。,×,誤り。不燃性ではない、引火性液体では、液体から発生する可燃性蒸気に引火する危険がある。,火災・消火・漏えい,TF-PF-005;PF-060;PF-002;第4類共通性質;引火性液体としての基本性質;基礎,第4類危険物の共通性質,公開前確認待ち
TF-PF-006,第4類危険物が『液体そのもの』だけでなく『蒸気』にも注意が必要な理由について、「可燃性蒸気に引火する危険があるため。」は正しい。,○,正しい。第4類危険物は、液体から発生する可燃性蒸気に引火する危険がある。,火災・消火・漏えい,TF-PF-006;PF-119;PF-002;第4類共通性質;引火性液体としての基本性質;基礎,第4類危険物の共通性質,公開前確認待ち
TF-PF-007,第4類危険物から発生する可燃性蒸気について、一般に正しいものについて、「空気より重いものが多く、低所に滞留しやすい。」は正しい。,○,正しい。第4類危険物の可燃性蒸気は、空気より重いものが多く、低所に滞留しやすい、火気や静電気による引火に注意が必要である。,火災・消火・漏えい,TF-PF-007;PF-011;PF-003;第4類共通性質;蒸気が空気より重い性質;標準,第4類危険物の共通性質,公開前確認待ち
TF-PF-008,第4類危険物の可燃性蒸気について、「空気より重く低所に滞留しやすいものが多い。」は正しい。,○,正しい。第4類危険物の可燃性蒸気は、空気より重く低所に滞留しやすいものが多い。,火災・消火・漏えい,TF-PF-008;PF-061;PF-003;第4類共通性質;蒸気が空気より重い性質;標準,第4類危険物の蒸気危険,公開前確認待ち
TF-PF-009,第4類危険物の蒸気が低所にたまりやすい理由として、適切なものについて、「空気より重い蒸気が多いため。」は正しい。,○,正しい。第4類危険物の蒸気は空気より重いものが多く、低所に滞留しやすい。,火災・消火・漏えい,TF-PF-009;PF-105;PF-003;第4類共通性質;蒸気が空気より重い性質;標準,第4類危険物の蒸気危険,公開前確認待ち
TF-PF-010,第4類危険物の可燃性蒸気が低所にたまった場合の危険として、適切なものについて、「必ず酸素を放出する。」は正しい。,×,誤り。酸素放出性ではない、空気より重い可燃性蒸気は低所に滞留し、離れた火源で引火するおそれがある。,火災・消火・漏えい,TF-PF-010;PF-135;PF-003;第4類共通性質;蒸気が空気より重い性質;標準,第4類危険物の蒸気危険,公開前確認待ち
TF-PF-011,可燃性蒸気と空気の混合気について、「燃焼範囲内にあると引火・爆発の危険がある。」は正しい。,○,正しい。可燃性蒸気と空気の混合気が燃焼範囲内にあると、引火・爆発の危険がある。,火災・消火・漏えい,TF-PF-011;PF-062;PF-004;第4類共通性質;可燃性蒸気と空気の混合危険;標準,第4類危険物の蒸気危険,公開前確認待ち
TF-PF-012,第4類危険物の水溶性・非水溶性について、「水に溶けるものと水に溶けにくいものがある。」は正しい。,○,正しい。第4類危険物には、水溶性のものと非水溶性のものがある、水に溶けることと引火危険がないことは同じではない。,火災・消火・漏えい,TF-PF-012;PF-016;PF-005;第4類共通性質;水溶性・非水溶性の違い;標準,第4類危険物の共通性質,公開前確認待ち
TF-PF-013,水溶性の第4類危険物について、「水に溶けても引火危険があるものがある。」は正しい。,○,正しい。水溶性の第4類危険物でも、引火危険があるものがある、水に溶けることは不燃性を意味しない。,火災・消火・漏えい,TF-PF-013;PF-063;PF-005;第4類共通性質;水溶性・非水溶性の違い;標準,第4類危険物の水溶性,公開前確認待ち
TF-PF-014,水溶性液体の第4類危険物について、「水に溶けても引火危険があるものがある。」は正しい。,○,正しい。水溶性液体でも引火危険があるものがある、水に溶けることは安全を意味しない。,火災・消火・漏えい,TF-PF-014;PF-106;PF-005;第4類共通性質;水溶性・非水溶性の違い;標準,第4類危険物の水溶性,公開前確認待ち
TF-PF-015,非水溶性液体火災の消火で注意すべきことについて、「水で液面を広げないようにする。」は正しい。,○,正しい。非水溶性で水より軽い液体では、棒状注水により燃焼液面を広げるおそれがある。,火災・消火・漏えい,TF-PF-015;PF-136;PF-005;第4類共通性質;水溶性・非水溶性の違い;標準,第4類危険物の消火方法,公開前確認待ち
TF-PF-016,第4類危険物の性質について、「液比重も蒸気比重も、危険性とは一切関係がない。」は正しい。,×,誤り。低所滞留や流出時の危険性に関係する、液比重は水に対する液体の重さ、蒸気比重は空気に対する蒸気の重さに関係する、両者は別の性質である。,火災・消火・漏えい,TF-PF-016;PF-017;PF-006;第4類共通性質;液比重・蒸気比重;標準,第4類危険物の比重,公開前確認待ち
TF-PF-017,液比重と蒸気比重の説明について、「蒸気比重は引火点の別名である。」は正しい。,×,誤り。引火点ではない、液比重は水を基準にした液体の重さ、蒸気比重は空気を基準にした蒸気の重さとして整理する。,火災・消火・漏えい,TF-PF-017;PF-064;PF-006;第4類共通性質;液比重・蒸気比重;標準,第4類危険物の比重,公開前確認待ち
TF-PF-018,ガソリンが水に浮きやすいことと関係が深い性質について、「蒸気比重が空気より大きいこと。」は正しい。,×,誤り。蒸気の低所滞留に関係する、ガソリンは液比重が水より小さいため、水に浮きやすい。,火災・消火・漏えい,TF-PF-018;PF-120;PF-006;第4類共通性質;液比重・蒸気比重;標準,第4類危険物の比重,公開前確認待ち
TF-PF-019,第4類危険物の取扱いで静電気を防ぐ方法として、適切なものについて、「容器や配管を接地する。」は正しい。,○,正しい。静電気による火花は可燃性蒸気の着火源となるため、接地などにより電荷を逃がすことが重要である。,火災・消火・漏えい,TF-PF-019;PF-050;PF-007;火災予防;静電気による引火危険;標準,第4類危険物の静電気対策,公開前確認待ち
TF-PF-020,第4類危険物の移し替え時に接地を行う主な目的について、「液体を不燃性にするため。」は正しい。,×,誤り。不燃性にはならない、接地は静電気を逃がし、火花による引火を防ぐために行う。,火災・消火・漏えい,TF-PF-020;PF-107;PF-007;火災予防;静電気による引火危険;標準,第4類危険物の火災予防,公開前確認待ち
TF-PF-021,第4類危険物の移送・注入時に流速をむやみに上げない理由として、適切なものについて、「静電気が発生しやすくなるため。」は正しい。,○,正しい。液体の高速流動は静電気の発生に関係し、火花が可燃性蒸気の点火源となるおそれがある。,火災・消火・漏えい,TF-PF-021;PF-137;PF-007;火災予防;静電気による引火危険;標準,第4類危険物の静電気対策,公開前確認待ち
TF-PF-022,第4類危険物の火災予防上、適切なものについて、「可燃性蒸気が滞留しないように換気し、火気を近づけない。」は正しい。,○,正しい。第4類危険物では、可燃性蒸気の滞留を防ぐ換気と、火気管理が重要である、加熱、流出放置、火気使用は危険である。,火災・消火・漏えい,TF-PF-022;PF-012;PF-008;火災予防;換気・火気管理;基礎,第4類危険物の火災予防,公開前確認待ち
TF-PF-023,第4類危険物を取り扱う場所で換気が重要な理由として、適切なものについて、「危険物取扱者免状を発行するため。」は正しい。,×,誤り。免状発行とは関係ない、第4類危険物では可燃性蒸気が発生することがあるため、換気により滞留を防ぐことが重要である。,火災・消火・漏えい,TF-PF-023;PF-065;PF-008;火災予防;換気・火気管理;基礎,第4類危険物の火災予防,公開前確認待ち
TF-PF-024,第4類危険物取扱場所で換気が不十分な場合に高まる危険について、「可燃性蒸気の滞留」は正しい。,○,正しい。換気が不十分だと可燃性蒸気が滞留し、引火危険が高まる。,火災・消火・漏えい,TF-PF-024;PF-121;PF-008;火災予防;換気・火気管理;基礎,第4類危険物の火災予防,公開前確認待ち
TF-PF-025,第4類危険物が漏えいした場合の対応として、適切なものについて、「漏えい箇所の周囲で喫煙する。」は正しい。,×,誤り。喫煙は火気であり危険で、第4類危険物が漏えいした場合は、火気を避け、流出拡大を防ぎ、換気や回収など適切な措置を行う必要がある。,火災・消火・漏えい,TF-PF-025;PF-051;PF-009;火災予防;漏えい・流出時の危険;標準,第4類危険物の漏えい対応,公開前確認待ち
TF-PF-026,第4類危険物が床に流出した場合の注意として、適切なものについて、「火気を避け、流出拡大を防ぎ、回収する。」は正しい。,○,正しい。流出時は火気を避け、流出拡大を防ぎ、適切に回収する。,火災・消火・漏えい,TF-PF-026;PF-108;PF-009;火災予防;漏えい・流出時の危険;標準,第4類危険物の漏えい対応,公開前確認待ち
TF-PF-027,第4類危険物火災の消火方法として、一般に重要な考え方について、「可燃性蒸気の発生や空気との接触を抑える。」は正しい。,○,正しい。第4類危険物火災では、可燃性蒸気の発生を抑え、空気との接触を遮断することが重要である。,火災・消火・漏えい,TF-PF-027;PF-018;PF-010;消火方法;第4類火災の消火方法総論;基礎,第4類危険物の消火方法,公開前確認待ち
TF-PF-028,第4類危険物火災で重要な消火の考え方について、「酸素を大量に供給する。」は正しい。,×,誤り。燃焼を助ける、第4類危険物火災では、可燃性蒸気の発生や空気との接触を抑えることが重要である。,火災・消火・漏えい,TF-PF-028;PF-109;PF-010;消火方法;第4類火災の消火方法総論;基礎,第4類危険物の消火方法,公開前確認待ち
TF-PF-029,非水溶性で水より軽い第4類危険物の火災で、水を棒状に放射することが不適切となる理由として、適切なものについて、「水が必ず酸素を吸収し、燃焼を止めるため。」は正しい。,×,誤り。必ず燃焼を止めるとは限らない、非水溶性で水より軽い第4類危険物に棒状注水すると、液体を広げて火災を拡大するおそれがある。,火災・消火・漏えい,TF-PF-029;PF-052;PF-011;消火方法;水による消火が不適切な場合;標準,第4類危険物の消火方法,公開前確認待ち
TF-PF-030,水より軽い非水溶性液体の火災に棒状注水すると危険な理由について、「燃えている液体を広げるおそれがあるため。」は正しい。,○,正しい。水より軽い非水溶性液体に棒状注水すると、燃えている液体を広げ、火災を拡大するおそれがある。,火災・消火・漏えい,TF-PF-030;PF-122;PF-011;消火方法;水による消火が不適切な場合;標準,第4類危険物の消火方法,公開前確認待ち
TF-PF-031,第4類危険物火災に用いられる消火剤として、一般に適切なものについて、「ガソリン」は正しい。,×,誤り。ガソリンは燃料で、第4類危険物火災では、泡消火剤、二酸化炭素消火剤、粉末消火剤などが用いられる、酸素や火花、可燃性蒸気は危険を高める。,火災・消火・漏えい,TF-PF-031;PF-042;PF-012;消火方法;泡・二酸化炭素・粉末消火剤の適用;標準,第4類危険物の消火方法,公開前確認待ち
TF-PF-032,二酸化炭素消火剤の主な消火効果について、「酸素濃度を下げる窒息効果」は正しい。,○,正しい。二酸化炭素消火剤は、酸素濃度を下げる窒息効果により消火する。,火災・消火・漏えい,TF-PF-032;PF-053;PF-012;消火方法;泡・二酸化炭素・粉末消火剤の適用;基礎,第4類危険物の消火剤,公開前確認待ち
TF-PF-033,粉末消火剤の説明について、「火花を発生させるために使う。」は正しい。,×,誤り。火花発生用ではない、粉末消火剤は、燃焼反応の抑制などにより消火に用いられる。,火災・消火・漏えい,TF-PF-033;PF-110;PF-012;消火方法;泡・二酸化炭素・粉末消火剤の適用;標準,第4類危険物の消火剤,公開前確認待ち
TF-PF-034,泡消火剤が第4類火災で有効となる主な理由について、「指定数量を変えるため。」は正しい。,×,誤り。指定数量は変わらない、泡消火剤は液面を覆い、可燃性蒸気の発生や空気との接触を抑える。,火災・消火・漏えい,TF-PF-034;PF-138;PF-012;消火方法;泡・二酸化炭素・粉末消火剤の適用;標準,第4類危険物の消火剤,公開前確認待ち
TF-PF-035,特殊引火物の特徴として、適切なものについて、「必ず水に沈み、絶対に燃えない。」は正しい。,×,誤り。絶対に燃えないわけではない、特殊引火物は、第4類危険物の中でも引火危険が特に高いものとして扱われ、指定数量も小さい。,火災・消火・漏えい,TF-PF-035;PF-054;PF-013;特殊引火物;特殊引火物の性質;標準,危険物の規制に関する政令 別表第三,公開前確認待ち
TF-PF-036,特殊引火物に該当する組合せとして、適切なものについて、「重油・潤滑油」は正しい。,×,誤り。重油は第三石油類、潤滑油は第四石油類である、ジエチルエーテルと二硫化炭素は特殊引火物の代表例である。,火災・消火・漏えい,TF-PF-036;PF-066;PF-013;特殊引火物;特殊引火物の性質;標準,危険物の規制に関する政令 別表第三,公開前確認待ち
TF-PF-037,特殊引火物の危険性として、最も適切なものについて、「すべて動植物油類である。」は正しい。,×,誤り。動植物油類ではない、特殊引火物は第4類危険物の中でも引火危険が特に高いものとして扱われる。,火災・消火・漏えい,TF-PF-037;PF-089;PF-013;特殊引火物;特殊引火物の性質;標準,危険物の規制に関する政令 別表第三,公開前確認待ち
TF-PF-038,特殊引火物の指定数量が小さい理由として、最も近い考え方について、「免状が不要だから。」は正しい。,×,誤り。免状制度とは別で、特殊引火物は引火危険が特に高いため、指定数量が50 Lと小さい。,火災・消火・漏えい,TF-PF-038;PF-123;PF-013;特殊引火物;特殊引火物の性質;標準,危険物の規制に関する政令 別表第三,公開前確認待ち
TF-PF-039,特殊引火物の代表例の組合せについて、「ジエチルエーテル・二硫化炭素・アセトアルデヒド」は正しい。,○,正しい。ジエチルエーテル、二硫化炭素、アセトアルデヒドは特殊引火物の代表例である。,火災・消火・漏えい,TF-PF-039;PF-139;PF-013;特殊引火物;特殊引火物の性質;標準,危険物の規制に関する政令 別表第三,公開前確認待ち
TF-PF-040,特殊引火物に該当する代表的な危険物について、「動植物油」は正しい。,×,誤り。灯油・軽油は第二石油類、重油は第三石油類、動植物油は動植物油類である、ジエチルエーテルは特殊引火物の代表例である。,火災・消火・漏えい,TF-PF-040;PF-006;PF-014;特殊引火物;ジエチルエーテル;基礎,危険物の規制に関する政令 別表第三,公開前確認待ち
TF-PF-041,ジエチルエーテルについて、「第二石油類であり、灯油と同じ分類である。」は正しい。,×,誤り。第二石油類ではない、ジエチルエーテルは特殊引火物の代表例であり、引火危険が高い物質である。,火災・消火・漏えい,TF-PF-041;PF-055;PF-014;特殊引火物;ジエチルエーテル;標準,危険物の規制に関する政令 別表第三,公開前確認待ち
TF-PF-042,ジエチルエーテルの火災予防として、適切なものについて、「火気の近くで加熱する。」は正しい。,×,誤り。火気や加熱は危険である、ジエチルエーテルは特殊引火物であり、引火危険が高い、火気、蒸気、換気、密栓に注意する。,火災・消火・漏えい,TF-PF-042;PF-074;PF-014;特殊引火物;ジエチルエーテル;標準,ジエチルエーテルの性質,公開前確認待ち
TF-PF-043,ジエチルエーテルの分類について、「特殊引火物」は正しい。,○,正しい。ジエチルエーテルは特殊引火物に分類される代表例である。,火災・消火・漏えい,TF-PF-043;PF-090;PF-014;特殊引火物;ジエチルエーテル;標準,危険物の規制に関する政令 別表第三,公開前確認待ち
TF-PF-044,ジエチルエーテルの性質として、適切なものについて、「動植物油類である。」は正しい。,×,誤り。動植物油類ではない、ジエチルエーテルは特殊引火物に分類され、引火危険が高い。,火災・消火・漏えい,TF-PF-044;PF-111;PF-014;特殊引火物;ジエチルエーテル;標準,危険物の規制に関する政令 別表第三,公開前確認待ち
TF-PF-045,二硫化炭素について、「第二石油類の代表例である。」は正しい。,×,誤り。第二石油類ではない、二硫化炭素は第4類危険物の特殊引火物に該当する代表例であり、引火危険が高い物質である。,火災・消火・漏えい,TF-PF-045;PF-019;PF-015;特殊引火物;二硫化炭素;標準,危険物の規制に関する政令 別表第三,公開前確認待ち
TF-PF-046,二硫化炭素の性質について、「水に触れると必ず酸素を放出する。」は正しい。,×,誤り。酸素放出性ではない、二硫化炭素は特殊引火物の代表例であり、引火危険が高い。,火災・消火・漏えい,TF-PF-046;PF-075;PF-015;特殊引火物;二硫化炭素;標準,危険物の規制に関する政令 別表第三,公開前確認待ち
TF-PF-047,二硫化炭素の分類について、「動植物油類」は正しい。,×,誤り。動植物油類ではない、二硫化炭素は特殊引火物に分類される代表例である。,火災・消火・漏えい,TF-PF-047;PF-091;PF-015;特殊引火物;二硫化炭素;標準,危険物の規制に関する政令 別表第三,公開前確認待ち
TF-PF-048,アセトアルデヒドについて、「特殊引火物に該当する代表的な危険物である。」は正しい。,○,正しい。アセトアルデヒドは第4類危険物の特殊引火物に該当する代表例である、引火危険が高い物質として押さえる。,火災・消火・漏えい,TF-PF-048;PF-020;PF-016;特殊引火物;アセトアルデヒド;標準,危険物の規制に関する政令 別表第三,公開前確認待ち
TF-PF-049,アセトアルデヒドの分類について、「第二石油類」は正しい。,×,誤り。第二石油類ではない、アセトアルデヒドは特殊引火物に分類される代表例である。,火災・消火・漏えい,TF-PF-049;PF-076;PF-016;特殊引火物;アセトアルデヒド;標準,危険物の規制に関する政令 別表第三,公開前確認待ち
TF-PF-050,第一石油類の代表例として、適切なものについて、「ガソリン」は正しい。,○,正しい。灯油・軽油は第二石油類、重油は第三石油類、大豆油は動植物油類である。,火災・消火・漏えい,TF-PF-050;PF-044;PF-017;第一石油類;第一石油類の性質;基礎,危険物の規制に関する政令 別表第三,公開前確認待ち
TF-PF-051,第一石油類の代表例として、正しい組合せについて、「灯油・軽油・重油」は正しい。,×,誤り。灯油・軽油は第二、重油は第三で、ガソリン、ベンゼン、トルエンは第一石油類の代表例である。,火災・消火・漏えい,TF-PF-051;PF-092;PF-017;第一石油類;第一石油類の性質;標準,危険物の規制に関する政令 別表第三,公開前確認待ち
TF-PF-052,第一石油類の非水溶性液体に該当する代表例について、「ガソリン」は正しい。,○,正しい。ガソリンは第一石油類の非水溶性液体である。,火災・消火・漏えい,TF-PF-052;PF-124;PF-017;第一石油類;第一石油類の性質;標準,危険物の規制に関する政令 別表第三,公開前確認待ち
TF-PF-053,ガソリンの性質について、「水に完全に溶けるため、流出しても危険はない。」は正しい。,×,誤り。ガソリンは水に完全に溶けるわけではなく、流出時も危険で、ガソリンは揮発しやすく、可燃性蒸気を発生しやすい、蒸気は低所に滞留しやすく、火気や静電気による引火に注意が必要である。,火災・消火・漏えい,TF-PF-053;PF-002;PF-018;第一石油類;ガソリン;基礎,第4類危険物 第一石油類 ガソリンの性質,公開前確認待ち
TF-PF-054,ガソリンの取扱いとして、適切なものについて、「密栓し、火気を避け、換気のよい場所で取り扱う。」は正しい。,○,正しい。ガソリンは揮発しやすく引火危険が高いため、密栓、火気厳禁、換気、漏えい防止が重要である。,火災・消火・漏えい,TF-PF-054;PF-056;PF-018;第一石油類;ガソリン;標準,ガソリンの火災予防,公開前確認待ち
TF-PF-055,「ガソリンについて、誤っているものはどれか。」という問いに対して、「水に完全に溶け、引火危険がない。」を選ぶのは正しい。,○,誤り。ガソリンは水に溶けにくく、引火危険がある、ガソリンは水に完全に溶けるわけではなく、引火危険が高い、第一石油類の代表例である。,火災・消火・漏えい,TF-PF-055;PF-067;PF-018;第一石油類;ガソリン;標準,ガソリンの性質,公開前確認待ち
TF-PF-056,「ガソリンの火災予防として不適切なものはどれか。」という問いに対して、「容器を開放し、火気の近くで取り扱う。」を選ぶのは正しい。,○,ガソリンは揮発しやすく引火危険が高いため、容器の開放や火気の近くでの取扱いは不適切である、開放・火気は危険である。,火災・消火・漏えい,TF-PF-056;PF-112;PF-018;第一石油類;ガソリン;標準,ガソリンの火災予防,公開前確認待ち
TF-PF-057,ガソリンの指定数量と水溶性の整理について、「200 L、非水溶性液体」は正しい。,○,正しい。ガソリンは第一石油類の非水溶性液体で、指定数量は200 Lである。,火災・消火・漏えい,TF-PF-057;PF-140;PF-018;第一石油類;ガソリン;標準,危険物の規制に関する政令 別表第三,公開前確認待ち
TF-PF-058,ベンゼンの分類について、「第一石油類」は正しい。,○,正しい。ベンゼンは第4類危険物の第一石油類に分類される代表的な物質である。,火災・消火・漏えい,TF-PF-058;PF-021;PF-019;第一石油類;ベンゼン・トルエン;標準,危険物の規制に関する政令 別表第三,公開前確認待ち
TF-PF-059,トルエンの分類について、「動植物油類」は正しい。,×,誤り。動植物油類ではない、トルエンは第4類危険物の第一石油類に分類される代表的な物質である。,火災・消火・漏えい,TF-PF-059;PF-022;PF-019;第一石油類;ベンゼン・トルエン;標準,危険物の規制に関する政令 別表第三,公開前確認待ち
TF-PF-060,ベンゼンとトルエンの分類について、「いずれも第6類危険物である。」は正しい。,×,誤り。第6類ではない、ベンゼンとトルエンはいずれも第一石油類として整理される。,火災・消火・漏えい,TF-PF-060;PF-077;PF-019;第一石油類;ベンゼン・トルエン;標準,危険物の規制に関する政令 別表第三,公開前確認待ち
TF-PF-061,ベンゼンとトルエンの分類について、正しい説明について、「どちらも第二石油類である。」は正しい。,×,誤り。第二石油類ではない、ベンゼンとトルエンはいずれも第一石油類として整理される。,火災・消火・漏えい,TF-PF-061;PF-125;PF-019;第一石油類;ベンゼン・トルエン;標準,危険物の規制に関する政令 別表第三,公開前確認待ち
TF-PF-062,アセトンの性質について、「水に溶け、引火の危険がある液体である。」は正しい。,○,正しい。アセトンは第4類危険物の第一石油類に分類される水溶性液体であり、引火の危険がある。,火災・消火・漏えい,TF-PF-062;PF-007;PF-020;第一石油類;アセトン;標準,危険物の規制に関する政令 別表第三、第4類危険物の性質,公開前確認待ち
TF-PF-063,アセトンについて、「第一石油類の水溶性液体である。」は正しい。,○,正しい。アセトンは第4類危険物の第一石油類であり、水溶性液体として扱われる。,火災・消火・漏えい,TF-PF-063;PF-057;PF-020;第一石油類;アセトン;標準,危険物の規制に関する政令 別表第三,公開前確認待ち
TF-PF-064,アセトンの分類と性質について、「水に溶けるが、引火危険がある。」は正しい。,○,正しい。アセトンは第4類危険物の第一石油類に分類される水溶性液体であり、水に溶けるが引火危険がある。,火災・消火・漏えい,TF-PF-064;PF-068;PF-020;第一石油類;アセトン;標準,アセトンの性質,公開前確認待ち
TF-PF-065,"アセトンの指定数量について、「10,000 L」は正しい。",×,"誤り。10,000 Lは動植物油類で、アセトンは第一石油類の水溶性液体であり、指定数量は400 Lである。",火災・消火・漏えい,TF-PF-065;PF-093;PF-020;第一石油類;アセトン;標準,危険物の規制に関する政令 別表第三,公開前確認待ち
TF-PF-066,アセトンとガソリンの違いについて、「どちらも第6類危険物である。」は正しい。,×,誤り。第6類ではない、アセトンは第一石油類の水溶性液体、ガソリンは第一石油類の非水溶性液体として整理される。,火災・消火・漏えい,TF-PF-066;PF-113;PF-020;第一石油類;アセトン;標準,危険物の規制に関する政令 別表第三,公開前確認待ち
TF-PF-067,酢酸エチルの分類について、「第一石油類」は正しい。,○,正しい。酢酸エチルは第4類危険物の第一石油類に分類される代表的な物質である。,火災・消火・漏えい,TF-PF-067;PF-023;PF-021;第一石油類;酢酸エチルなどの第一石油類;標準,危険物の規制に関する政令 別表第三,公開前確認待ち
TF-PF-068,酢酸エチルについて、「動植物油類である。」は正しい。,×,誤り。動植物油類ではない、酢酸エチルは第一石油類に分類される、酢酸は第二石油類として整理する。,火災・消火・漏えい,TF-PF-068;PF-078;PF-021;第一石油類;酢酸エチルなどの第一石油類;標準,危険物の規制に関する政令 別表第三,公開前確認待ち
TF-PF-069,酢酸エチルと酢酸の分類差について、「酢酸エチルは第一石油類、酢酸は第二石油類である。」は正しい。,○,正しい。酢酸エチルは第一石油類、酢酸は第二石油類として整理する。,火災・消火・漏えい,TF-PF-069;PF-126;PF-021;第一石油類;酢酸エチルなどの第一石油類;標準,危険物の規制に関する政令 別表第三,公開前確認待ち
TF-PF-070,アルコール類の代表例について、「灯油」は正しい。,×,誤り。灯油は第二石油類である、メタノールはアルコール類の代表例で、ガソリンは第一石油類、灯油は第二石油類、重油は第三石油類、二硫化炭素は特殊引火物に該当する。,火災・消火・漏えい,TF-PF-070;PF-003;PF-022;アルコール類;アルコール類の性質;基礎,危険物の規制に関する政令 別表第三,公開前確認待ち
TF-PF-071,アルコール類の代表例として、正しい組合せについて、「メタノール・エタノール」は正しい。,○,正しい。メタノール・エタノールはアルコール類である、メタノールとエタノールはアルコール類の代表例である。,火災・消火・漏えい,TF-PF-071;PF-069;PF-022;アルコール類;アルコール類の性質;基礎,危険物の規制に関する政令 別表第三,公開前確認待ち
TF-PF-072,アルコール類に該当するものについて、「灯油」は正しい。,×,誤り。灯油は第二石油類で、エタノールはアルコール類に該当する。,火災・消火・漏えい,TF-PF-072;PF-114;PF-022;アルコール類;アルコール類の性質;基礎,危険物の規制に関する政令 別表第三,公開前確認待ち
TF-PF-073,メタノールの性質について、「不燃性であり、火災予防上の注意は不要である。」は正しい。,×,誤り。引火危険があり、火災予防上の注意が必要である、メタノールはアルコール類に該当する第4類危険物であり、引火の危険がある。,火災・消火・漏えい,TF-PF-073;PF-008;PF-023;アルコール類;メタノール;基礎,危険物の規制に関する政令 別表第三、第4類アルコール類,公開前確認待ち
TF-PF-074,メタノールについて、適切なものについて、「第一石油類の非水溶性液体である。」は正しい。,×,誤り。第一石油類ではない、メタノールはアルコール類で、水に溶けるが引火危険がある、水溶性であることは安全を意味しない。,火災・消火・漏えい,TF-PF-074;PF-038;PF-023;アルコール類;メタノール;標準,アルコール類の性質,公開前確認待ち
TF-PF-075,メタノールの火災危険について、「水に溶けるが、引火危険がある。」は正しい。,○,正しい。メタノールは水に溶けるアルコール類だが、引火危険がある。,火災・消火・漏えい,TF-PF-075;PF-127;PF-023;アルコール類;メタノール;標準,メタノールの性質,公開前確認待ち
TF-PF-076,エタノールについて、「水に触れると激しく発火する禁水性物質である。」は正しい。,×,誤り。禁水性物質ではない、エタノールは第4類危険物のアルコール類に該当し、引火の危険がある。,火災・消火・漏えい,TF-PF-076;PF-013;PF-024;アルコール類;エタノール;基礎,危険物の規制に関する政令 別表第三、第4類アルコール類,公開前確認待ち
TF-PF-077,エタノールの火災予防として、適切なものについて、「火気を避け、容器を密閉して換気に注意する。」は正しい。,○,正しい。エタノールは水に溶けるアルコール類だが、引火危険がある、火気管理、密栓、換気が重要である。,火災・消火・漏えい,TF-PF-077;PF-039;PF-024;アルコール類;エタノール;標準,エタノールの火災予防,公開前確認待ち
TF-PF-078,エタノール火災の消火で、泡消火を考える際に注意すべきものについて、「酸素の大量供給」は正しい。,×,誤り。酸素供給は燃焼を助ける、エタノールは水溶性液体であり、泡消火では耐アルコール泡などの適用を考慮する。,火災・消火・漏えい,TF-PF-078;PF-128;PF-024;アルコール類;エタノール;標準,第4類危険物の消火方法,公開前確認待ち
TF-PF-079,第二石油類の代表例の組合せについて、「灯油・軽油」は正しい。,○,正しい。灯油・軽油は第二石油類で、灯油と軽油は第二石油類の代表例である。,火災・消火・漏えい,TF-PF-079;PF-045;PF-026;第二石油類;第二石油類の性質;基礎,危険物の規制に関する政令 別表第三,公開前確認待ち
TF-PF-080,第二石油類について、「メタノールだけが該当する。」は正しい。,×,誤り。メタノールはアルコール類で、第二石油類の代表例には、灯油や軽油がある。,火災・消火・漏えい,TF-PF-080;PF-070;PF-026;第二石油類;第二石油類の性質;標準,危険物の規制に関する政令 別表第三,公開前確認待ち
TF-PF-081,第二石油類の非水溶性液体の代表例として、適切なものについて、「アセトン」は正しい。,×,誤り。アセトンは第一石油類の水溶性液体で、灯油は第二石油類の非水溶性液体として整理される代表例である。,火災・消火・漏えい,TF-PF-081;PF-094;PF-026;第二石油類;第二石油類の性質;標準,危険物の規制に関する政令 別表第三,公開前確認待ち
TF-PF-082,軽油の分類について、「アルコール類」は正しい。,×,誤り。アルコール類ではない、軽油は第二石油類の代表例である。,火災・消火・漏えい,TF-PF-082;PF-115;PF-026;第二石油類;第二石油類の性質;標準,危険物の規制に関する政令 別表第三,公開前確認待ち
TF-PF-083,灯油と軽油に共通する分類について、「第二石油類」は正しい。,○,正しい。灯油と軽油はいずれも第二石油類である。,火災・消火・漏えい,TF-PF-083;PF-142;PF-026;第二石油類;第二石油類の性質;標準,危険物の規制に関する政令 別表第三,公開前確認待ち
TF-PF-084,第二石油類に該当する代表的な危険物について、「重油」は正しい。,×,誤り。ガソリンは第一石油類、ジエチルエーテルは特殊引火物、メタノールはアルコール類、重油は第三石油類で、灯油は第二石油類の代表例である。,火災・消火・漏えい,TF-PF-084;PF-004;PF-027;第二石油類;灯油;基礎,危険物の規制に関する政令 別表第三,公開前確認待ち
TF-PF-085,軽油の分類について、「第二石油類」は正しい。,○,正しい。軽油は第4類危険物の第二石油類に該当する、灯油も第二石油類の代表例である。,火災・消火・漏えい,TF-PF-085;PF-009;PF-028;第二石油類;軽油;基礎,危険物の規制に関する政令 別表第三,公開前確認待ち
TF-PF-086,キシレンの分類について、「特殊引火物」は正しい。,×,誤り。特殊引火物ではない、キシレンは第4類危険物の第二石油類に分類される代表的な物質である。,火災・消火・漏えい,TF-PF-086;PF-024;PF-029;第二石油類;キシレン・酢酸などの第二石油類;標準,危険物の規制に関する政令 別表第三,公開前確認待ち
TF-PF-087,酢酸の分類について、「第二石油類」は正しい。,○,正しい。酢酸は第4類危険物の第二石油類に分類される代表的な物質である。,火災・消火・漏えい,TF-PF-087;PF-025;PF-029;第二石油類;キシレン・酢酸などの第二石油類;標準,危険物の規制に関する政令 別表第三,公開前確認待ち
TF-PF-088,酢酸と酢酸エチルの分類について、「酢酸は第二石油類、酢酸エチルは第一石油類である。」は正しい。,○,正しい。酢酸は第二石油類、酢酸エチルは第一石油類である、名称が似ているため混同しやすい。,火災・消火・漏えい,TF-PF-088;PF-079;PF-029;第二石油類;キシレン・酢酸などの第二石油類;標準,危険物の規制に関する政令 別表第三,公開前確認待ち
TF-PF-089,キシレンとトルエンの分類について、「キシレンは第二石油類、トルエンは第一石油類である。」は正しい。,○,正しい。キシレンは第二石油類、トルエンは第一石油類である。,火災・消火・漏えい,TF-PF-089;PF-080;PF-029;第二石油類;キシレン・酢酸などの第二石油類;標準,危険物の規制に関する政令 別表第三,公開前確認待ち
TF-PF-090,酢酸の指定数量として、正しいものはどれか。ただし、酢酸は第二石油類の水溶性液体として扱うについて、「200 L」は正しい。,×,"誤り。200 Lは第一石油類の非水溶性液体である、酢酸は第二石油類の水溶性液体として扱われ、指定数量は2,000 Lである。",火災・消火・漏えい,TF-PF-090;PF-095;PF-029;第二石油類;キシレン・酢酸などの第二石油類;標準,危険物の規制に関する政令 別表第三,公開前確認待ち
TF-PF-091,キシレンとトルエンの分類の違いについて、「どちらも動植物油類である。」は正しい。,×,誤り。動植物油類ではない、キシレンは第二石油類、トルエンは第一石油類として整理される。,火災・消火・漏えい,TF-PF-091;PF-129;PF-029;第二石油類;キシレン・酢酸などの第二石油類;標準,危険物の規制に関する政令 別表第三,公開前確認待ち
TF-PF-092,第三石油類に該当する代表例として、適切なものについて、「ジエチルエーテル」は正しい。,×,誤り。ジエチルエーテルは特殊引火物である、重油は第三石油類の代表例で、ガソリンは第一石油類、灯油は第二石油類、ジエチルエーテルは特殊引火物、メタノールはアルコール類である。,火災・消火・漏えい,TF-PF-092;PF-040;PF-030;第三石油類;第三石油類の性質;基礎,危険物の規制に関する政令 別表第三,公開前確認待ち
TF-PF-093,第三石油類の代表例として、適切なものについて、「重油」は正しい。,○,正しい。重油は第三石油類である、重油は第三石油類の代表例である。,火災・消火・漏えい,TF-PF-093;PF-046;PF-030;第三石油類;第三石油類の性質;基礎,危険物の規制に関する政令 別表第三,公開前確認待ち
TF-PF-094,重油の分類について、「第三石油類」は正しい。,○,正しい。重油は第4類危険物の第三石油類に該当する代表例である。,火災・消火・漏えい,TF-PF-094;PF-014;PF-031;第三石油類;重油;基礎,危険物の規制に関する政令 別表第三,公開前確認待ち
TF-PF-095,重油の火災予防について、適切なものについて、「加熱や漏えいに注意し、火気を避けて管理する。」は正しい。,○,正しい。重油は第三石油類であり、加熱、漏えい、火気に注意して取り扱う必要がある。,火災・消火・漏えい,TF-PF-095;PF-081;PF-031;第三石油類;重油;標準,重油の性質,公開前確認待ち
TF-PF-096,"重油の指定数量として、正しいものはどれか。ただし、重油は第三石油類の非水溶性液体として扱うについて、「1,000 L」は正しい。",×,"誤り。1,000 Lは第二石油類の非水溶性液体である、重油は第三石油類の非水溶性液体として扱われ、指定数量は2,000 Lである。",火災・消火・漏えい,TF-PF-096;PF-096;PF-031;第三石油類;重油;標準,危険物の規制に関する政令 別表第三,公開前確認待ち
TF-PF-097,重油と灯油の分類について、「重油は第三石油類、灯油は第二石油類である。」は正しい。,○,正しい。重油は第三石油類、灯油は第二石油類である。,火災・消火・漏えい,TF-PF-097;PF-116;PF-031;第三石油類;重油;標準,危険物の規制に関する政令 別表第三,公開前確認待ち
TF-PF-098,重油と潤滑油の分類について、「重油は第三石油類、潤滑油は第四石油類である。」は正しい。,○,正しい。重油は第三石油類、潤滑油は第四石油類である。,火災・消火・漏えい,TF-PF-098;PF-143;PF-031;第三石油類;重油;標準,危険物の規制に関する政令 別表第三,公開前確認待ち
TF-PF-099,エチレングリコールの分類について、「第三石油類」は正しい。,○,正しい。エチレングリコールは第4類危険物の第三石油類に分類される代表的な物質である。,火災・消火・漏えい,TF-PF-099;PF-026;PF-032;第三石油類;クレオソート油・アニリン・エチレングリコール;標準,危険物の規制に関する政令 別表第三,公開前確認待ち
TF-PF-100,アニリンの分類について、「動植物油類」は正しい。,×,誤り。動植物油類ではない、アニリンは第4類危険物の第三石油類に分類される代表的な物質である。,火災・消火・漏えい,TF-PF-100;PF-071;PF-032;第三石油類;クレオソート油・アニリン・エチレングリコール;標準,危険物の規制に関する政令 別表第三,公開前確認待ち
TF-PF-101,クレオソート油の分類について、「第三石油類」は正しい。,○,正しい。クレオソート油は第三石油類に分類される代表例である。,火災・消火・漏えい,TF-PF-101;PF-082;PF-032;第三石油類;クレオソート油・アニリン・エチレングリコール;標準,危険物の規制に関する政令 別表第三,公開前確認待ち
TF-PF-102,エチレングリコールとグリセリンに共通する分類について、「特殊引火物」は正しい。,×,誤り。特殊引火物ではない、エチレングリコールとグリセリンはいずれも第三石油類として整理される。,火災・消火・漏えい,TF-PF-102;PF-097;PF-032;第三石油類;クレオソート油・アニリン・エチレングリコール;標準,危険物の規制に関する政令 別表第三,公開前確認待ち
TF-PF-103,エチレングリコールとグリセリンに共通する分類について、「第三石油類」は正しい。,○,正しい。エチレングリコールとグリセリンはいずれも第三石油類として整理される。,火災・消火・漏えい,TF-PF-103;PF-130;PF-032;第三石油類;クレオソート油・アニリン・エチレングリコール;標準,危険物の規制に関する政令 別表第三,公開前確認待ち
TF-PF-104,第四石油類の代表例として、適切なものについて、「灯油」は正しい。,×,誤り。ガソリンは第一石油類、ジエチルエーテルは特殊引火物、メタノールはアルコール類、灯油は第二石油類で、第四石油類には潤滑油類が含まれる。,火災・消火・漏えい,TF-PF-104;PF-027;PF-033;第四石油類;第四石油類・潤滑油類;基礎,危険物の規制に関する政令 別表第三,公開前確認待ち
TF-PF-105,第四石油類に該当するものとして、適切なものについて、「二硫化炭素」は正しい。,×,誤り。二硫化炭素は特殊引火物である、潤滑油は第四石油類の代表例である。,火災・消火・漏えい,TF-PF-105;PF-047;PF-033;第四石油類;第四石油類・潤滑油類;基礎,危険物の規制に関する政令 別表第三,公開前確認待ち
TF-PF-106,潤滑油について、「特殊引火物である。」は正しい。,×,誤り。特殊引火物ではない、潤滑油は第四石油類に該当する代表例である。,火災・消火・漏えい,TF-PF-106;PF-083;PF-033;第四石油類;第四石油類・潤滑油類;基礎,危険物の規制に関する政令 別表第三,公開前確認待ち
TF-PF-107,第四石油類の指定数量について、「50 L」は正しい。,×,"誤り。50 Lは特殊引火物で、第四石油類の指定数量は6,000 Lである。",火災・消火・漏えい,TF-PF-107;PF-098;PF-033;第四石油類;第四石油類・潤滑油類;標準,危険物の規制に関する政令 別表第三,公開前確認待ち
TF-PF-108,潤滑油の指定数量として、正しいものはどれか。ただし、潤滑油は第四石油類として扱うについて、「50 L」は正しい。,×,"誤り。50 Lは特殊引火物である、潤滑油は第四石油類であり、指定数量は6,000 Lである。",火災・消火・漏えい,TF-PF-108;PF-131;PF-033;第四石油類;第四石油類・潤滑油類;標準,危険物の規制に関する政令 別表第三,公開前確認待ち
TF-PF-109,動植物油類に該当するものとして、適切なものについて、「大豆油」は正しい。,○,正しい。大豆油などの動植物油は、動植物油類として扱われる、ガソリン、ジエチルエーテル、メタノール、アセトンとは分類が異なる。,火災・消火・漏えい,TF-PF-109;PF-041;PF-034;動植物油類;動植物油類の性質;基礎,危険物の規制に関する政令 別表第三,公開前確認待ち
TF-PF-110,動植物油類として、適切なものについて、「アセトン」は正しい。,×,誤り。アセトンは第一石油類である、菜種油などの植物油は動植物油類に該当する。,火災・消火・漏えい,TF-PF-110;PF-048;PF-034;動植物油類;動植物油類の性質;基礎,危険物の規制に関する政令 別表第三,公開前確認待ち
TF-PF-111,"動植物油類の性質と指定数量について、「1,000 L」は正しい。",×,"誤り。1,000 Lは第2石油類の非水溶性液体で、動植物油類の指定数量は10,000 Lである、また、油を含んだ布などは酸化熱の蓄積により自然発火するおそれがあるため注意が必要である。",火災・消火・漏えい,TF-PF-111;PF-084;PF-034;動植物油類;動植物油類の性質;標準,危険物の規制に関する政令 別表第三,公開前確認待ち
TF-PF-112,菜種油や大豆油の分類について、「動植物油類」は正しい。,○,正しい。菜種油や大豆油は動植物油類として整理される。,火災・消火・漏えい,TF-PF-112;PF-099;PF-034;動植物油類;動植物油類の性質;標準,危険物の規制に関する政令 別表第三,公開前確認待ち
TF-PF-113,動植物油類の火災予防として注意すべきものについて、「水に溶けるため管理不要」は正しい。,×,誤り。管理不要ではない、動植物油類では、油を含んだ布などが酸化熱を蓄積し、自然発火するおそれがある。,火災・消火・漏えい,TF-PF-113;PF-117;PF-034;動植物油類;動植物油類の性質;標準,動植物油類：自然発火,公開前確認待ち
TF-PF-114,動植物油類に該当する例として、適切なものについて、「大豆油」は正しい。,○,正しい。大豆油などの植物油は動植物油類に該当する。,火災・消火・漏えい,TF-PF-114;PF-144;PF-034;動植物油類;動植物油類の性質;標準,危険物の規制に関する政令 別表第三,公開前確認待ち
TF-PF-115,動植物油類の火災予防について、適切なものについて、「油を含んだ布は、必ず水と反応して酸素を放出する。」は正しい。,×,誤り。酸素を放出する危険物ではない、動植物油類では、油を含んだ布などが酸化により発熱し、蓄熱して自然発火する危険がある。,火災・消火・漏えい,TF-PF-115;PF-015;PF-035;動植物油類;乾性油・自然発火;標準,第4類危険物 動植物油類、自然発火,公開前確認待ち
TF-PF-116,乾性油を含んだ布の管理として、適切なものについて、「蓄熱による自然発火に注意して管理する。」は正しい。,○,正しい。乾性油を含んだ布などは、酸化熱が蓄積して自然発火する危険があるため、管理に注意が必要である。,火災・消火・漏えい,TF-PF-116;PF-049;PF-035;動植物油類;乾性油・自然発火;標準,動植物油類：自然発火,公開前確認待ち
TF-PF-117,乾性油を含んだ布が自然発火するおそれがある理由として、適切なものについて、「酸化により発生した熱が蓄積することがあるため。」は正しい。,○,正しい。乾性油を含んだ布などは、酸化による発熱が蓄積して自然発火することがある。,火災・消火・漏えい,TF-PF-117;PF-085;PF-035;動植物油類;乾性油・自然発火;標準,動植物油類：自然発火,公開前確認待ち
TF-PF-118,油を含んだ布を大量に積み重ねて放置することが危険な理由として、適切なものについて、「必ず水に溶けて消火されるため。」は正しい。,×,誤り。水に溶けて消火されるとは限らない、油を含んだ布は、酸化熱が蓄積して自然発火するおそれがあるため、放置や積み重ねに注意する。,火災・消火・漏えい,TF-PF-118;PF-100;PF-035;動植物油類;乾性油・自然発火;標準,動植物油類：自然発火,公開前確認待ち
TF-PF-119,乾性油の自然発火を防ぐ管理として、適切なものについて、「下水に流して処理する。」は正しい。,×,誤り。下水へ流してはならない、乾性油を含んだ布は酸化熱が蓄積して自然発火するおそれがあるため、大量に積み重ねて放置しない。,火災・消火・漏えい,TF-PF-119;PF-132;PF-035;動植物油類;乾性油・自然発火;標準,動植物油類：自然発火,公開前確認待ち
TF-PF-120,油を含んだ布を安全に管理する考え方として、適切なものについて、「蓄熱しないように広げる、密閉しない、適切に処理する。」は正しい。,○,正しい。油を含んだ布は酸化熱が蓄積しないように管理し、適切に処理する必要がある。,火災・消火・漏えい,TF-PF-120;PF-145;PF-035;動植物油類;乾性油・自然発火;標準,動植物油類：自然発火,公開前確認待ち
TF-PF-121,危険物の類別と性状の組合せについて、「第4類 — 引火性液体」は正しい。,○,正しい。第1類は酸化性固体、第2類は可燃性固体、第5類は自己反応性物質、第6類は酸化性液体である。,火災・消火・漏えい,TF-PF-121;PF-029;PF-036;分類比較;危険物各類の共通性状と第4類の位置づけ;基礎,消防試験研究センター 乙種危険物の類別,公開前確認待ち
TF-PF-122,引火点について、「第4類危険物の分類や危険性を考えるうえで重要な性質である。」は正しい。,○,正しい。引火点は、第4類危険物の分類や危険性を理解するうえで重要な性質である。,火災・消火・漏えい,TF-PF-122;PF-030;PF-037;分類比較;引火点による分類・比較;標準,第4類危険物の分類・性質,公開前確認待ち
TF-PF-123,発火点について、「危険物を運搬できる最大距離をいう。」は正しい。,×,誤り。運搬距離ではない、発火点は、火源がなくても物質が発火する最低温度である、火源を近づけて引火する最低温度は引火点である。,火災・消火・漏えい,TF-PF-123;PF-031;PF-038;分類比較;発火点の比較;標準,第4類危険物の性質,公開前確認待ち
TF-PF-124,第4類危険物の分類と代表物質の組合せについて、「第二石油類 — メタノール」は正しい。,×,誤り。メタノールはアルコール類で、ガソリンは第一石油類の代表例で、灯油は第二石油類、重油は第三石油類、メタノールはアルコール類、ジエチルエーテルは特殊引火物である。,火災・消火・漏えい,TF-PF-124;PF-028;PF-039;分類比較;分類と代表物質の対応;標準,危険物の規制に関する政令 別表第三,公開前確認待ち
TF-PF-125,水溶性の第4類危険物として、適切なものについて、「アセトン」は正しい。,○,正しい。ガソリン、灯油、軽油、潤滑油は一般に非水溶性として整理される。,火災・消火・漏えい,TF-PF-125;PF-032;PF-040;分類比較;水溶性・非水溶性の代表例;標準,危険物の規制に関する政令 別表第三,公開前確認待ち
TF-PF-126,非水溶性の第4類危険物として、適切なものについて、「ガソリン」は正しい。,○,正しい。ガソリンは第1石油類の非水溶性液体として扱われる、アセトン、メタノール、エタノール、グリセリンは水溶性として整理される。,火災・消火・漏えい,TF-PF-126;PF-086;PF-040;分類比較;水溶性・非水溶性の代表例;標準,危険物の規制に関する政令 別表第三,公開前確認待ち
TF-PF-127,水溶性液体として整理される第4類危険物の組合せとして、適切なものについて、「ジエチルエーテル・二硫化炭素・ガソリン」は正しい。,×,誤り。水溶性液体の組合せではない、アセトン、メタノール、エタノールは水溶性液体として整理される代表例である。,火災・消火・漏えい,TF-PF-127;PF-101;PF-040;分類比較;水溶性・非水溶性の代表例;標準,第4類危険物の水溶性,公開前確認待ち
TF-PF-128,非水溶性液体の組合せとして、適切なものについて、「ガソリン・灯油・軽油」は正しい。,○,正しい。ガソリン、灯油、軽油は非水溶性液体として整理される代表例である。,火災・消火・漏えい,TF-PF-128;PF-146;PF-040;分類比較;水溶性・非水溶性の代表例;標準,第4類危険物の水溶性,公開前確認待ち
TF-PF-129,ガソリン蒸気の危険性について、「空気より重く、低所に滞留しやすい。」は正しい。,○,正しい。ガソリン蒸気は空気より重く、低所に滞留しやすい、火気や静電気による引火に注意が必要である。,火災・消火・漏えい,TF-PF-129;PF-033;PF-041;分類比較;蒸気の危険性比較;標準,ガソリンの性質,公開前確認待ち
TF-PF-130,ガソリンを取り扱う場合の火災予防として、適切なものについて、「火気を遠ざけ、換気を行い、静電気の発生に注意する。」は正しい。,○,正しい。ガソリンは揮発しやすく、可燃性蒸気に引火しやすいため、火気管理、換気、静電気対策が重要である。,火災・消火・漏えい,TF-PF-130;PF-034;PF-042;火災予防;物質別の火災予防;標準,ガソリンの火災予防,公開前確認待ち
TF-PF-131,アルコール類の火災で注意すべき点として、適切なものについて、「水溶性液体のため、泡消火では耐アルコール泡などの適用を考慮する。」は正しい。,○,正しい。アルコール類は水溶性液体であり、泡消火では通常の泡が破壊されやすいため、耐アルコール泡などの適用を考慮する。,火災・消火・漏えい,TF-PF-131;PF-087;PF-042;火災予防;物質別の火災予防;標準,第4類危険物の消火方法,公開前確認待ち
TF-PF-132,非水溶性の第4類危険物の火災に対する消火方法として、適切なものについて、「液面を泡で覆い、可燃性蒸気の発生と空気の供給を抑える。」は正しい。,○,正しい。非水溶性の第4類危険物火災では、泡で液面を覆い、可燃性蒸気の発生と酸素供給を抑える方法が有効である、流出拡大や火気使用は危険である。,火災・消火・漏えい,TF-PF-132;PF-005;PF-043;消火方法;物質別の消火方法;標準,第4類危険物の消火方法、泡消火の基本,公開前確認待ち
TF-PF-133,非水溶性の第4類危険物火災への泡消火について、「下水へ流して消火する。」は正しい。,×,誤り。下水へ流してはならない、非水溶性の第4類危険物火災では、泡で液面を覆い、可燃性蒸気の発生や空気との接触を抑える方法が有効である。,火災・消火・漏えい,TF-PF-133;PF-072;PF-043;消火方法;物質別の消火方法;標準,第4類危険物の消火方法,公開前確認待ち
TF-PF-134,水溶性液体火災で泡消火を考える場合の注意として、適切なものについて、「水溶性なら必ず火災危険がない。」は正しい。,×,誤り。水溶性でも引火危険がある、水溶性液体火災では通常の泡が破壊されやすいため、耐アルコール泡などの適用を考慮する。,火災・消火・漏えい,TF-PF-134;PF-102;PF-043;消火方法;物質別の消火方法;標準,第4類危険物の消火方法,公開前確認待ち
TF-PF-135,二酸化炭素消火剤を使用する際の注意として、適切なものについて、「酸素を大量に供給するため安全である。」は正しい。,×,誤り。酸素を供給しない、二酸化炭素消火剤は窒息効果で消火するため、密閉空間では人体への窒息影響にも注意が必要である。,火災・消火・漏えい,TF-PF-135;PF-147;PF-043;消火方法;物質別の消火方法;標準,第4類危険物の消火剤,公開前確認待ち
TF-PF-136,第4類危険物の貯蔵・取扱いについて、適切なものについて、「火気の近くで移し替える。」は正しい。,×,誤り。火気の近くでの移し替えは危険で、第4類危険物では、蒸気の発生、火気、静電気、漏えいに注意し、密栓や換気など適切な管理を行う必要がある。,火災・消火・漏えい,TF-PF-136;PF-035;PF-044;貯蔵・取扱い;第4類危険物の貯蔵・取扱い注意点;基礎,第4類危険物の貯蔵・取扱い,公開前確認待ち
TF-PF-137,第4類危険物の分類について、「ガソリン、灯油、重油はいずれも第1類危険物である。」は正しい。,×,誤り。第1類ではなく第4類危険物で、ガソリンは第一石油類、灯油は第二石油類、重油は第三石油類として整理する。,火災・消火・漏えい,TF-PF-137;PF-036;PF-045;ひっかけ対策;よくある混同論点;標準,第4類危険物 分類比較,公開前確認待ち
TF-PF-138,「第4類危険物の性質として、誤っているものはどれか。」という問いに対して、「すべて酸素を放出して他の物質を燃焼させる。」を選ぶのは正しい。,○,誤り。これは第4類の一般性質ではない、第4類危険物は引火性液体であり、酸素を放出して他の物質を燃焼させる性質を中心とするものではない、酸化性の性質は第1類や第6類で問題になる。,火災・消火・漏えい,TF-PF-138;PF-043;PF-045;ひっかけ対策;よくある混同論点;標準,第4類危険物 混同対策,公開前確認待ち
TF-PF-139,第4類危険物の説明として、最も適切なものについて、「可燃性固体であり、液体は含まれない。」は正しい。,×,誤り。可燃性固体は第2類で、第4類危険物は引火性液体であり、可燃性蒸気の発生、火気、静電気、換気などに注意が必要である。,火災・消火・漏えい,TF-PF-139;PF-037;PF-046;総合問題;性消分野の複合問題;標準,第4類危険物 総合,公開前確認待ち
TF-PF-140,第4類危険物の火災予防・消火に関する説明について、「可燃性蒸気、火気、静電気、消火剤の適用を総合的に考える必要がある。」は正しい。,○,正しい。第4類危険物では、可燃性蒸気、火気、静電気、漏えい、消火剤の適用を総合的に考える必要がある。,火災・消火・漏えい,TF-PF-140;PF-073;PF-046;総合問題;性消分野の複合問題;標準,第4類危険物 性消総合,公開前確認待ち
TF-PF-141,第4類危険物の性質・消火の学習で、特に区別すべきものについて、「水溶性と非水溶性、液比重と蒸気比重、引火点と発火点」は正しい。,○,正しい。第4類危険物では、水溶性と非水溶性、液比重と蒸気比重、引火点と発火点などを区別することが重要である。,火災・消火・漏えい,TF-PF-141;PF-088;PF-046;総合問題;性消分野の複合問題;標準,第4類危険物 性消総合,公開前確認待ち
TF-PF-142,性質・消火分野で誤りやすい組合せとして、特に注意すべきものについて、「液比重と蒸気比重」は正しい。,○,正しい。第4類危険物では、液比重と蒸気比重の混同がよくある、液比重は水、蒸気比重は空気を基準に考える。,火災・消火・漏えい,TF-PF-142;PF-103;PF-046;総合問題;性消分野の複合問題;標準,第4類危険物 性消総合,公開前確認待ち
TF-PF-143,第4類危険物の分類学習で最も適切な考え方について、「代表物質、指定数量、水溶性の有無をセットで整理する。」は正しい。,○,正しい。第4類危険物では、代表物質、分類、指定数量、水溶性の有無をセットで整理することが重要である。,火災・消火・漏えい,TF-PF-143;PF-118;PF-046;総合問題;性消分野の複合問題;標準,第4類危険物 性消総合,公開前確認待ち
TF-PF-144,「第4類危険物の総合理解として、誤っているものはどれか。」という問いに対して、「第4類危険物は引火性液体である。」を選ぶのは正しい。,×,正しい。水溶性の第4類危険物でも引火危険があるものがある、水溶性は不燃性を意味しない。,火災・消火・漏えい,TF-PF-144;PF-133;PF-046;総合問題;性消分野の複合問題;標準,第4類危険物 性消総合,公開前確認待ち
TF-PF-145,性質・消火分野の総合理解について、「分類、指定数量、水溶性、蒸気危険、消火方法を関連づけて覚える。」は正しい。,○,正しい。第4類危険物では、分類、指定数量、水溶性、蒸気危険、消火方法を関連づけて整理することが重要である。,火災・消火・漏えい,TF-PF-145;PF-148;PF-046;総合問題;性消分野の複合問題;標準,第4類危険物 性消総合,公開前確認待ち
TF-PF-146,グリセリンについて、「グリセリンは、第4類危険物の第三石油類（水溶性液体）に該当する。」は正しい。,○,"正しい。グリセリンは、第4類危険物の第三石油類のうち水溶性液体に該当し、指定数量は4,000 Lで、ガソリンや特殊引火物とは分類が異なる。",火災・消火・漏えい,TF-PF-146;PF-010;PF-047;第三石油類;グリセリン;標準,危険物の規制に関する政令 別表第三、第4類第三石油類,公開前確認待ち
TF-PF-147,グリセリンの分類について、「動植物油類である。」は正しい。,×,誤り。動植物油類ではない、グリセリンは第4類危険物の第三石油類のうち、水溶性液体として扱われる、特殊引火物、第一石油類、動植物油類、第6類危険物ではない。,火災・消火・漏えい,TF-PF-147;PF-058;PF-047;第三石油類;グリセリン;標準,危険物の規制に関する政令 別表第三,公開前確認待ち
